point ewma,point Taux FAIL,limite Construction,point loi norm sup,point loi norm inf,Dates,Date_comments,the_comments,Arcs
-0.0786131790421086,-0.14,2.0,0.7864316037447602,-0.15409493707809385,2019-11-21,,,2
-0.0908905432336869,4.116,2.0,0.8156003422946293,-0.18326367562796297,2019-11-22,,,3
0.7504875654130504,0.009999999999999995,2.0,0.8334057990533233,-0.20106913238665702,2019-11-25,,,4
0.6023900523304404,-0.14,2.0,0.8444864620595808,-0.21214979539291445,2019-11-26,,,5
0.4539120418643523,0.69,2.0,0.8514577248090827,-0.21912105814241634,2019-11-28,,,6
0.5011296334914819,0.52,2.0,0.8558720785652054,-0.2235354118985391,2019-11-29,,,7
0.5049037067931855,0.86,2.0,0.8586784149091891,-0.22634174824252273,2019-12-06,,,8
0.5759229654345485,0.71,2.0,0.8604668768254928,-0.2281302101588265,2019-12-09,,,9
0.6027383723476388,0.84,2.0,0.861608414903145,-0.22927174823647867,2019-12-10,,,10
0.6501906978781111,0.69,2.0,0.8623377471505193,-0.23000108048385293,2019-12-11,,,11
0.658152558302489,0.99,2.0,0.8628040091116208,-0.23046734244495448,2019-12-12,,,12
0.7245220466419913,0.53,2.0,0.8631022081645218,-0.23076554149785544,2019-12-13,,,13
0.685617637313593,0.85,2.0,0.8632929702640721,-0.23095630359740582,2019-12-16,,,14
0.7184941098508745,0.77,2.0,0.863415023110241,-0.23107835644357466,2019-12-18,,,15
0.7287952878806996,0.535,2.0,0.8634931226479637,-0.23115645598129742,2019-12-19,,,16
0.6900362303045596,0.51,2.0,0.8635431005041252,-0.23120643383745887,2019-12-20,,,17
0.6540289842436477,0.83,2.0,0.8635750839374357,-0.23123841727076933,2019-12-23,,,18
0.6892231873949183,0.97,2.0,0.8635955523540962,-0.23125888568742992,2019-12-26,,,19
0.7453785499159347,1.29,2.0,0.8636086517391297,-0.23127198507246338,2019-12-30,,,20
0.8543028399327478,0.71,2.0,0.8636170351810563,-0.23128036851438993,2019-12-31,,,21
0.8254422719461983,0.89,2.0,0.8636224005165154,-0.23128573384984907,2020-01-02,,,22
0.8383538175569588,0.64,2.0,0.863625834303614,-0.23128916763694762,2020-01-03,,,23
0.798683054045567,0.74,2.0,0.863628031916054,-0.23129136524938765,2020-01-04,,,24
0.7869464432364537,1.1300000000000001,2.0,0.8636294383833861,-0.2312927717167198,2020-01-06,,,25
0.8555571545891629,0.4,2.0,0.8636303385205825,-0.23129367185391614,2020-01-07,,,26
0.7644457236713305,0.7,2.0,0.8636309146076113,-0.231294247940945,2020-01-08,,,27
0.7515565789370644,0.37,2.0,0.8636312833029918,-0.23129461663632545,2020-01-09,,,28
0.6752452631496515,0.72,2.0,0.8636315192679048,-0.2312948526012385,2020-01-10,,,29
0.6841962105197212,0.57,2.0,0.8636316702853959,-0.23129500361872957,2020-01-13,,,30
0.661356968415777,0.91,2.0,0.8636317669365683,-0.23129510026990197,2020-01-14,,,31
0.7110855747326217,0.54,2.0,0.8636318287933096,-0.23129516212664325,2020-01-15,,,32
0.6768684597860973,0.22,2.0,0.8636318683816204,-0.2312952017149541,2020-01-16,,,33
0.5854947678288779,0.25,2.0,0.8636318937181379,-0.23129522705147154,2020-01-17,,,34
0.5183958142631023,0.93,2.0,0.8636319099335085,-0.23129524326684214,2020-01-20,,,35
0.6007166514104819,0.83,2.0,0.8636319203113453,-0.23129525364467896,2020-01-21,,,36
0.6465733211283856,0.69,2.0,0.8636319269531608,-0.2312952602864945,2020-01-22,,,37
0.6552586569027086,0.7633333333333333,2.0,0.8636319312039227,-0.23129526453725635,2020-01-23,,,38
0.6768735921888336,0.58,2.0,0.8636319339244102,-0.23129526725774385,2020-01-24,,,39
0.6574988737510669,0.52,2.0,0.8636319356655223,-0.231295268998856,2020-01-25,,,40
0.6299990990008535,0.06,2.0,0.8636319367798341,-0.23129527011316775,2020-01-27,,,41
0.5159992792006828,0.23,2.0,0.8636319374929935,-0.23129527082632717,2020-01-28,,,42
0.45879942336054624,0.43,2.0,0.8636319379494156,-0.2312952712827493,2020-01-29,,,43
0.45303953868843705,0.4,2.0,0.8636319382415257,-0.2312952715748594,2020-01-30,,,44
0.44243163095074967,0.35,2.0,0.8636319384284762,-0.23129527176180986,2020-01-31,,,45
0.4239453047605998,0.49,2.0,0.8636319385481245,-0.23129527188145815,2020-02-03,,,46
0.43715624380847984,0.2,2.0,0.8636319386246994,-0.23129527195803312,2020-02-04,,,47
0.38972499504678393,0.5,2.0,0.8636319386737074,-0.23129527200704103,2020-02-05,,,48
0.4117799960374272,-0.15,2.0,0.8636319387050725,-0.23129527203840616,2020-02-06,,,49
0.2994239968299418,-0.12,2.0,0.8636319387251461,-0.23129527205847977,2020-02-07,,,50
0.21553919746395347,0.25,2.0,0.8636319387379933,-0.23129527207132694,2020-02-10,,,51
0.2224313579711628,0.27,2.0,0.8636319387462154,-0.23129527207954903,2020-02-11,,,52
0.2319450863769303,0.45,2.0,0.8636319387514776,-0.23129527208481127,2020-02-12,,,53
0.27555606910154423,0.1725,2.0,0.8636319387548455,-0.23129527208817913,2020-02-13,,,54
0.2549448552812354,0.12,2.0,0.8636319387570008,-0.2312952720903345,2020-02-14,,,55
0.22795588422498833,0.23,2.0,0.8636319387583803,-0.23129527209171397,2020-02-15,,,56
0.22836470737999068,0.11000000000000001,2.0,0.863631938759263,-0.2312952720925967,2020-02-17,,,57
0.20469176590399257,0.44,2.0,0.8636319387598281,-0.2312952720931618,2020-02-18,,,58
0.25175341272319407,0.175,2.0,0.8636319387601897,-0.2312952720935234,2020-02-19,,,59
0.23640273017855526,0.25,2.0,0.8636319387604212,-0.2312952720937549,2020-02-20,,,60
0.2391221841428442,0.25,2.0,0.8636319387605692,-0.23129527209390288,2020-02-21,,,61
0.2412977473142754,0.28,2.0,0.863631938760664,-0.2312952720939977,2020-02-24,,,62
0.24903819785142034,-0.42,2.0,0.8636319387607247,-0.23129527209405842,2020-02-25,,,63
0.11523055828113628,-0.06,2.0,0.8636319387607635,-0.23129527209409717,2020-02-26,,,64
0.08018444662490903,-0.22,2.0,0.8636319387607885,-0.23129527209412215,2020-02-27,,,65
0.020147557299927225,-0.03,2.0,0.8636319387608042,-0.23129527209413792,2020-02-28,,,66
0.01011804583994178,-0.24,2.0,0.8636319387608145,-0.23129527209414813,2020-03-02,,,67
-0.039905563328046574,0.07,2.0,0.863631938760821,-0.23129527209415468,2020-03-03,,,68
-0.017924450662437256,-0.31,2.0,0.8636319387608252,-0.2312952720941589,2020-03-04,,,69
-0.07633956052994981,-0.51,2.0,0.8636319387608278,-0.23129527209416145,2020-03-05,,,70
-0.16307164842395985,-0.15,2.0,0.8636319387608296,-0.23129527209416323,2020-03-06,,,71
-0.16045731873916788,-0.18,2.0,0.8636319387608307,-0.23129527209416434,2020-03-09,,,72
-0.16436585499133433,0.05,2.0,0.8636319387608313,-0.231295272094165,2020-03-10,,,73
-0.12149268399306745,-0.25,2.0,0.8636319387608318,-0.23129527209416545,2020-03-11,,,74
-0.14719414719445395,0.02,2.0,0.8636319387608321,-0.23129527209416578,2020-03-12,,,75
-0.11375531775556316,0.12,2.0,0.8636319387608323,-0.231295272094166,2020-03-13,,,76
-0.06700425420445053,-0.055,2.0,0.8636319387608323,-0.231295272094166,2020-03-14,,,77
-0.06460340336356042,-0.11,2.0,0.8636319387608324,-0.23129527209416612,2020-03-16,,,78
-0.07368272269084834,0.02,2.0,0.8636319387608324,-0.23129527209416612,2020-03-17,,,79
-0.054946178152678674,0.03,2.0,0.8636319387608326,-0.23129527209416623,2020-03-18,,,80
-0.03795694252214294,0.155,2.0,0.8636319387608326,-0.23129527209416623,2020-03-19,,,81
0.000634445982285646,0.07,2.0,0.8636319387608326,-0.23129527209416623,2020-03-20,,,82
0.014507556785828518,-0.27,2.0,0.8636319387608327,-0.23129527209416634,2020-03-23,,,83
-0.04239395457133719,0.14,2.0,0.8636319387608327,-0.23129527209416634,2020-03-24,,,84
-0.005915163657069747,0.01,2.0,0.8636319387608327,-0.23129527209416634,2020-03-25,,,85
-0.002732130925655798,-0.055,2.0,0.8636319387608327,-0.23129527209416634,2020-03-26,,,86
-0.01318570474052464,0.1,2.0,0.8636319387608327,-0.23129527209416634,2020-03-27,,,87
0.009451436207580292,0.22,2.0,0.8636319387608327,-0.23129527209416634,2020-03-30,,,88
0.05156114896606424,0.0,2.0,0.8636319387608327,-0.23129527209416634,2020-03-31,,,89
0.041248919172851395,0.0,2.0,0.8636319387608327,-0.23129527209416634,2020-04-01,,,90
0.03299913533828112,-0.29,2.0,0.8636319387608327,-0.23129527209416634,2020-04-02,,,91
-0.0316006917293751,-0.09,2.0,0.8636319387608327,-0.23129527209416634,2020-04-03,,,92
-0.04328055338350008,0.0050000000000000044,2.0,0.8636319387608327,-0.23129527209416634,2020-04-06,,,93
-0.03362444270680006,0.23,2.0,0.8636319387608327,-0.23129527209416634,2020-04-07,,,94
0.019100445834559956,0.18,2.0,0.8636319387608327,-0.23129527209416634,2020-04-08,,,95
0.051280356667647964,0.18,2.0,0.8636319387608327,-0.23129527209416634,2020-04-09,,,96
0.07702428533411837,-0.09,2.0,0.8636319387608327,-0.23129527209416634,2020-04-10,,,97
0.0436194282672947,-0.11,2.0,0.8636319387608327,-0.23129527209416634,2020-04-14,,,98
0.01289554261383576,-0.225,2.0,0.8636319387608327,-0.23129527209416634,2020-04-15,,,99
-0.034683565908931395,-0.22,2.0,0.8636319387608327,-0.23129527209416634,2020-04-16,,,100
-0.07174685272714512,-0.52,2.0,0.8636319387608327,-0.23129527209416634,2020-04-17,,,101
-0.16139748218171612,-0.365,2.0,0.8636319387608327,-0.23129527209416634,2020-04-20,,,102
-0.20211798574537287,-0.28,2.0,0.8636319387608327,-0.23129527209416634,2020-04-21,,,103
-0.2176943885962983,-0.21,2.0,0.8636319387608327,-0.23129527209416634,2020-04-22,,,104
-0.21615551087703866,-0.1,2.0,0.8636319387608327,-0.23129527209416634,2020-04-23,,,105
-0.19292440870163097,-0.56,2.0,0.8636319387608327,-0.23129527209416634,2020-04-24,,,106
-0.2663395269613048,-0.29,2.0,0.8636319387608327,-0.23129527209416634,2020-04-27,,,107
-0.27107162156904385,-0.41,2.0,0.8636319387608327,-0.23129527209416634,2020-04-28,,,108
-0.2988572972552351,-0.26,2.0,0.8636319387608327,-0.23129527209416634,2020-04-29,,,109
-0.29108583780418806,-0.65,2.0,0.8636319387608327,-0.23129527209416634,2020-04-30,,,110
-0.36286867024335046,-0.45,2.0,0.8636319387608327,-0.23129527209416634,2020-05-04,,,111
-0.3802949361946804,-0.21,2.0,0.8636319387608327,-0.23129527209416634,2020-05-05,,,112
-0.34623594895574433,-0.26,2.0,0.8636319387608327,-0.23129527209416634,2020-05-06,,,113
-0.32898875916459547,-0.09,2.0,0.8636319387608327,-0.23129527209416634,2020-05-07,,,114
-0.2811910073316764,-0.13,2.0,0.8636319387608327,-0.23129527209416634,2020-05-08,,,115
-0.25095280586534113,-0.37,2.0,0.8636319387608327,-0.23129527209416634,2020-05-09,,,116
-0.2747622446922729,-0.22,2.0,0.8636319387608327,-0.23129527209416634,2020-05-11,,,117
-0.2638097957538183,-0.39,2.0,0.8636319387608327,-0.23129527209416634,2020-05-12,,,118
-0.28904783660305466,-0.38,2.0,0.8636319387608327,-0.23129527209416634,2020-05-13,,,119
-0.30723826928244374,-0.06,2.0,0.8636319387608327,-0.23129527209416634,2020-05-14,,,120
-0.257790615425955,-0.07,2.0,0.8636319387608327,-0.23129527209416634,2020-05-15,,,121
-0.22023249234076403,-0.155,2.0,0.8636319387608327,-0.23129527209416634,2020-05-18,,,122
-0.20718599387261125,-0.3,2.0,0.8636319387608327,-0.23129527209416634,2020-05-19,,,123
-0.225748795098089,-0.14,2.0,0.8636319387608327,-0.23129527209416634,2020-05-20,,,124
-0.20859903607847122,-0.21,2.0,0.8636319387608327,-0.23129527209416634,2020-05-22,,,125
-0.208879228862777,-0.23,2.0,0.8636319387608327,-0.23129527209416634,2020-05-25,,,126
-0.21310338309022162,-0.16,2.0,0.8636319387608327,-0.23129527209416634,2020-05-26,,,127
-0.2024827064721773,-0.11,2.0,0.8636319387608327,-0.23129527209416634,2020-05-27,,,128
-0.18398616517774186,-0.18,2.0,0.8636319387608327,-0.23129527209416634,2020-05-28,,,129
-0.1831889321421935,-0.39,2.0,0.8636319387608327,-0.23129527209416634,2020-05-29,,,130
-0.2245511457137548,-0.49,2.0,0.8636319387608327,-0.23129527209416634,2020-06-02,,,131
-0.27764091657100387,-0.76,2.0,0.8636319387608327,-0.23129527209416634,2020-06-03,,,132
-0.37411273325680316,-0.52,2.0,0.8636319387608327,-0.23129527209416634,2020-06-04,,,133
-0.4032901866054426,-0.54,2.0,0.8636319387608327,-0.23129527209416634,2020-06-05,,,134
-0.4306321492843541,-0.475,2.0,0.8636319387608327,-0.23129527209416634,2020-06-08,,,135
-0.4395057194274833,-0.57,2.0,0.8636319387608327,-0.23129527209416634,2020-06-09,,,136
-0.46560457554198664,-0.67,2.0,0.8636319387608327,-0.23129527209416634,2020-06-10,,,137
-0.5064836604335894,-0.8,2.0,0.8636319387608327,-0.23129527209416634,2020-06-11,,,138
-0.5651869283468716,-0.82,2.0,0.8636319387608327,-0.23129527209416634,2020-06-12,,,139
-0.6161495426774973,-0.49999999999999994,2.0,0.8636319387608327,-0.23129527209416634,2020-06-15,,,140
-0.5929196341419979,-0.56,2.0,0.8636319387608327,-0.23129527209416634,2020-06-16,,,141
-0.5863357073135983,-0.62,2.0,0.8636319387608327,-0.23129527209416634,2020-06-17,,,142
-0.5930685658508786,-0.71,2.0,0.8636319387608327,-0.23129527209416634,2020-06-18,,,143
-0.6164548526807029,-0.66,2.0,0.8636319387608327,-0.23129527209416634,2020-06-19,,,144
-0.6251638821445623,-0.35,2.0,0.8636319387608327,-0.23129527209416634,2020-06-22,,,145
-0.5701311057156498,-0.66,2.0,0.8636319387608327,-0.23129527209416634,2020-06-23,,,146
-0.5881048845725199,-0.69,2.0,0.8636319387608327,-0.23129527209416634,2020-06-24,,,147
-0.6084839076580159,-0.69,2.0,0.8636319387608327,-0.23129527209416634,2020-06-25,,,148
-0.6247871261264127,-0.55,2.0,0.8636319387608327,-0.23129527209416634,2020-06-26,,,149
-0.6098297009011302,-0.27,2.0,0.8636319387608327,-0.23129527209416634,2020-06-29,,,150
-0.5418637607209043,-0.49,2.0,0.8636319387608327,-0.23129527209416634,2020-06-30,,,151
-0.5314910085767234,-0.78,2.0,0.8636319387608327,-0.23129527209416634,2020-07-01,,,152
-0.5811928068613788,-0.79,2.0,0.8636319387608327,-0.23129527209416634,2020-07-02,,,153
-0.622954245489103,-0.78,2.0,0.8636319387608327,-0.23129527209416634,2020-07-03,,,154
-0.6543633963912825,-0.67,2.0,0.8636319387608327,-0.23129527209416634,2020-07-04,,,155
-0.657490717113026,-0.58,2.0,0.8636319387608327,-0.23129527209416634,2020-07-06,,,156
-0.6419925736904208,-0.59,2.0,0.8636319387608327,-0.23129527209416634,2020-07-07,,,157
-0.6315940589523367,-0.22,2.0,0.8636319387608327,-0.23129527209416634,2020-07-08,,,158
-0.5492752471618694,-0.74,2.0,0.8636319387608327,-0.23129527209416634,2020-07-09,,,159
-0.5874201977294955,-0.81,2.0,0.8636319387608327,-0.23129527209416634,2020-07-10,,,160
-0.6319361581835965,-0.09,2.0,0.8636319387608327,-0.23129527209416634,2020-07-13,,,161
-0.5235489265468772,-0.32,2.0,0.8636319387608327,-0.23129527209416634,2020-07-15,,,162
-0.4828391412375018,-0.54,2.0,0.8636319387608327,-0.23129527209416634,2020-07-16,,,163
-0.4942713129900015,-0.58,2.0,0.8636319387608327,-0.23129527209416634,2020-07-17,,,164
-0.5114170503920012,-0.4,2.0,0.8636319387608327,-0.23129527209416634,2020-07-20,,,165
-0.489133640313601,-0.58,2.0,0.8636319387608327,-0.23129527209416634,2020-07-21,,,166
-0.5073069122508809,-0.32,2.0,0.8636319387608327,-0.23129527209416634,2020-07-22,,,167
-0.4698455298007047,-0.52,2.0,0.8636319387608327,-0.23129527209416634,2020-07-23,,,168
-0.47987642384056384,-0.65,2.0,0.8636319387608327,-0.23129527209416634,2020-07-24,,,169
-0.513901139072451,-0.54,2.0,0.8636319387608327,-0.23129527209416634,2020-07-27,,,170
-0.5191209112579609,-0.73,2.0,0.8636319387608327,-0.23129527209416634,2020-07-28,,,171
-0.5612967290063687,-0.57,2.0,0.8636319387608327,-0.23129527209416634,2020-07-29,,,172
-0.563037383205095,0.31,2.0,0.8636319387608327,-0.23129527209416634,2020-07-30,,,173
-0.388429906564076,-0.03,2.0,0.8636319387608327,-0.23129527209416634,2020-07-31,,,174
-0.3167439252512608,0.49,2.0,0.8636319387608327,-0.23129527209416634,2020-08-03,,,175
-0.15539514020100867,0.42,2.0,0.8636319387608327,-0.23129527209416634,2020-08-04,,,176
-0.04031611216080694,0.45,2.0,0.8636319387608327,-0.23129527209416634,2020-08-05,,,177
0.05774711027135446,0.51,2.0,0.8636319387608327,-0.23129527209416634,2020-08-06,,,178
0.14819768821708357,0.59,2.0,0.8636319387608327,-0.23129527209416634,2020-08-07,,,179
0.23655815057366686,0.23,2.0,0.8636319387608327,-0.23129527209416634,2020-08-10,,,180
0.23524652045893352,0.73,2.0,0.8636319387608327,-0.23129527209416634,2020-08-11,,,181
0.33419721636714683,0.57,2.0,0.8636319387608327,-0.23129527209416634,2020-08-12,,,182
0.3813577730937175,0.61,2.0,0.8636319387608327,-0.23129527209416634,2020-08-13,,,183
0.427086218474974,0.52,2.0,0.8636319387608327,-0.23129527209416634,2020-08-14,,,184
0.44566897477997924,0.73,2.0,0.8636319387608327,-0.23129527209416634,2020-08-17,,,185
0.5025351798239834,0.46,2.0,0.8636319387608327,-0.23129527209416634,2020-08-18,,,186
0.4940281438591868,0.53,2.0,0.8636319387608327,-0.23129527209416634,2020-08-19,,,187
0.5012225150873495,0.515,2.0,0.8636319387608327,-0.23129527209416634,2020-08-20,,,188
0.5039780120698796,-0.12,2.0,0.8636319387608327,-0.23129527209416634,2020-08-21,,,189
0.37918240965590366,0.06,2.0,0.8636319387608327,-0.23129527209416634,2020-08-24,,,190
0.315345927724723,-0.02,2.0,0.8636319387608327,-0.23129527209416634,2020-08-25,,,191
0.2482767421797784,-0.17,2.0,0.8636319387608327,-0.23129527209416634,2020-08-26,,,192
0.16462139374382273,-0.18,2.0,0.8636319387608327,-0.23129527209416634,2020-08-27,,,193
0.09569711499505817,-0.19,2.0,0.8636319387608327,-0.23129527209416634,2020-08-28,,,194
0.03855769199604654,0.1,2.0,0.8636319387608327,-0.23129527209416634,2020-08-31,,,195
0.05084615359683724,-0.1,2.0,0.8636319387608327,-0.23129527209416634,2020-09-01,,,196
0.02067692287746979,-0.05,2.0,0.8636319387608327,-0.23129527209416634,2020-09-02,,,197
0.006541538301975833,-0.02,2.0,0.8636319387608327,-0.23129527209416634,2020-09-03,,,198
0.0012332306415806663,-0.06,2.0,0.8636319387608327,-0.23129527209416634,2020-09-04,,,199
-0.011013415486735467,0.14,2.0,0.8636319387608327,-0.23129527209416634,2020-09-07,,,200
0.01918926761061163,0.18,2.0,0.8636319387608327,-0.23129527209416634,2020-09-08,,,201
0.051351414088489304,0.02,2.0,0.8636319387608327,-0.23129527209416634,2020-09-09,,,202
0.04508113127079144,0.04,2.0,0.8636319387608327,-0.23129527209416634,2020-09-10,,,203
0.044064905016633155,0.01,2.0,0.8636319387608327,-0.23129527209416634,2020-09-11,,,204
0.03725192401330653,-0.01,2.0,0.8636319387608327,-0.23129527209416634,2020-09-14,,,205
0.027801539210645224,-0.11,2.0,0.8636319387608327,-0.23129527209416634,2020-09-15,,,206
0.00024123136851617738,-0.07,2.0,0.8636319387608327,-0.23129527209416634,2020-09-16,,,207
-0.01380701490518706,-0.05,2.0,0.8636319387608327,-0.23129527209416634,2020-09-17,,,208
-0.02104561192414965,-0.08,2.0,0.8636319387608327,-0.23129527209416634,2020-09-18,,,209
-0.032836489539319724,-0.145,2.0,0.8636319387608327,-0.23129527209416634,2020-09-21,,,210
-0.05526919163145578,-0.28,2.0,0.8636319387608327,-0.23129527209416634,2020-09-22,,,211
-0.10021535330516464,-0.19,2.0,0.8636319387608327,-0.23129527209416634,2020-09-23,,,212
-0.11817228264413172,0.01,2.0,0.8636319387608327,-0.23129527209416634,2020-09-24,,,213
-0.09253782611530538,-0.45,2.0,0.8636319387608327,-0.23129527209416634,2020-09-25,,,214
-0.16403026089224432,-0.06,2.0,0.8636319387608327,-0.23129527209416634,2020-09-28,,,215
-0.14322420871379546,-0.15,2.0,0.8636319387608327,-0.23129527209416634,2020-09-29,,,216
-0.14457936697103638,-0.1,2.0,0.8636319387608327,-0.23129527209416634,2020-09-30,,,217
-0.1356634935768291,-0.25,2.0,0.8636319387608327,-0.23129527209416634,2020-10-01,,,218
-0.1585307948614633,0.03,2.0,0.8636319387608327,-0.23129527209416634,2020-10-02,,,219
-0.12082463588917064,0.15,2.0,0.8636319387608327,-0.23129527209416634,2020-10-05,,,220
-0.06665970871133652,0.12,2.0,0.8636319387608327,-0.23129527209416634,2020-10-06,,,221
-0.029327766969069212,0.17,2.0,0.8636319387608327,-0.23129527209416634,2020-10-07,,,222
0.010537786424744632,0.22,2.0,0.8636319387608327,-0.23129527209416634,2020-10-08,,,223
0.05243022913979571,0.31,2.0,0.8636319387608327,-0.23129527209416634,2020-10-09,,,224
0.10394418331183658,0.42,2.0,0.8636319387608327,-0.23129527209416634,2020-10-12,,,225
0.1671553466494693,0.38,2.0,0.8636319387608327,-0.23129527209416634,2020-10-13,,,226
0.20972427731957546,0.14,2.0,0.8636319387608327,-0.23129527209416634,2020-10-14,,,227
0.19577942185566038,0.18,2.0,0.8636319387608327,-0.23129527209416634,2020-10-15,,,228
0.19262353748452832,0.48,2.0,0.8636319387608327,-0.23129527209416634,2020-10-16,,,229
0.2500988299876227,0.35,2.0,0.8636319387608327,-0.23129527209416634,2020-10-17,,,230
0.2700790639900981,0.26,2.0,0.8636319387608327,-0.23129527209416634,2020-10-19,,,231
0.2680632511920785,0.15,2.0,0.8636319387608327,-0.23129527209416634,2020-10-20,,,232
0.24445060095366283,0.17,2.0,0.8636319387608327,-0.23129527209416634,2020-10-21,,,233
0.22956048076293029,0.21,2.0,0.8636319387608327,-0.23129527209416634,2020-10-22,,,234
0.22564838461034425,0.19,2.0,0.8636319387608327,-0.23129527209416634,2020-10-23,,,235
0.21851870768827542,0.14,2.0,0.8636319387608327,-0.23129527209416634,2020-10-26,,,236
0.20281496615062033,0.26,2.0,0.8636319387608327,-0.23129527209416634,2020-10-27,,,237
0.2142519729204963,0.35,2.0,0.8636319387608327,-0.23129527209416634,2020-10-28,,,238
0.24140157833639703,0.25,2.0,0.8636319387608327,-0.23129527209416634,2020-10-29,,,239
0.24312126266911765,0.26,2.0,0.8636319387608327,-0.23129527209416634,2020-10-30,,,240
0.24649701013529413,0.21,2.0,0.8636319387608327,-0.23129527209416634,2020-11-02,,,241
0.23919760810823532,0.3,2.0,0.8636319387608327,-0.23129527209416634,2020-11-03,,,242
0.25135808648658825,0.41,2.0,0.8636319387608327,-0.23129527209416634,2020-11-04,,,243
0.2830864691892706,0.67,2.0,0.8636319387608327,-0.23129527209416634,2020-11-05,,,244
0.36046917535141654,0.56,2.0,0.8636319387608327,-0.23129527209416634,2020-11-06,,,245
0.4003753402811333,0.25,2.0,0.8636319387608327,-0.23129527209416634,2020-11-09,,,246
0.37030027222490663,0.26,2.0,0.8636319387608327,-0.23129527209416634,2020-11-10,,,247
0.3482402177799253,0.24,2.0,0.8636319387608327,-0.23129527209416634,2020-11-12,,,248
0.32659217422394027,0.29,2.0,0.8636319387608327,-0.23129527209416634,2020-11-13,,,249
0.3192737393791522,0.23,2.0,0.8636319387608327,-0.23129527209416634,2020-11-16,,,250
0.30141899150332174,0.46,2.0,0.8636319387608327,-0.23129527209416634,2020-11-17,,,251
0.33313519320265744,0.37,2.0,0.8636319387608327,-0.23129527209416634,2020-11-18,,,252
0.34050815456212596,0.35,2.0,0.8636319387608327,-0.23129527209416634,2020-11-19,,,253
0.3424065236497008,0.42,2.0,0.8636319387608327,-0.23129527209416634,2020-11-20,,,254
0.3579252189197607,0.44,2.0,0.8636319387608327,-0.23129527209416634,2020-11-23,,,255
0.3743401751358086,0.34,2.0,0.8636319387608327,-0.23129527209416634,2020-11-24,,,256
0.36747214010864687,0.11,2.0,0.8636319387608327,-0.23129527209416634,2020-11-25,,,257
0.31597771208691755,0.17500000000000002,2.0,0.8636319387608327,-0.23129527209416634,2020-11-26,,,258
0.28778216966953407,0.13,2.0,0.8636319387608327,-0.23129527209416634,2020-11-27,,,259
0.2562257357356273,-0.11,2.0,0.8636319387608327,-0.23129527209416634,2020-11-30,,,260
0.18298058858850186,-0.43,2.0,0.8636319387608327,-0.23129527209416634,2020-12-01,,,261
0.060384470870801496,-0.54,2.0,0.8636319387608327,-0.23129527209416634,2020-12-02,,,262
-0.05969242330335881,-0.56,2.0,0.8636319387608327,-0.23129527209416634,2020-12-03,,,263
-0.15975393864268705,-0.93,2.0,0.8636319387608327,-0.23129527209416634,2020-12-04,,,264
-0.3138031509141497,-0.79,2.0,0.8636319387608327,-0.23129527209416634,2020-12-05,,,265
-0.4090425207313198,-0.83,2.0,0.8636319387608327,-0.23129527209416634,2020-12-07,,,266
-0.49323401658505583,-0.75,2.0,0.8636319387608327,-0.23129527209416634,2020-12-08,,,267
-0.5445872132680447,-0.59,2.0,0.8636319387608327,-0.23129527209416634,2020-12-09,,,268
-0.5536697706144358,-0.59,2.0,0.8636319387608327,-0.23129527209416634,2020-12-10,,,269
-0.5609358164915487,-0.84,2.0,0.8636319387608327,-0.23129527209416634,2020-12-11,,,270
-0.616748653193239,-0.75,2.0,0.8636319387608327,-0.23129527209416634,2020-12-14,,,271
-0.6433989225545913,-0.68,2.0,0.8636319387608327,-0.23129527209416634,2020-12-15,,,272
-0.6507191380436731,-0.61,2.0,0.8636319387608327,-0.23129527209416634,2020-12-16,,,273
-0.6425753104349385,-0.41,2.0,0.8636319387608327,-0.23129527209416634,2020-12-17,,,274
-0.5960602483479508,-0.45,2.0,0.8636319387608327,-0.23129527209416634,2020-12-18,,,275
-0.5668481986783607,-0.63,2.0,0.8636319387608327,-0.23129527209416634,2020-12-19,,,276
-0.5794785589426885,-1.3366666666666667,2.0,0.8636319387608327,-0.23129527209416634,2020-12-21,,,277
-0.7309161804874842,0.565,2.0,0.8636319387608327,-0.23129527209416634,2020-12-22,,,278
-0.47173294438998736,-0.21,2.0,0.8636319387608327,-0.23129527209416634,2020-12-23,,,279
-0.4193863555119899,-0.27,2.0,0.8636319387608327,-0.23129527209416634,2020-12-24,,,280
-0.3895090844095919,-1.06,2.0,0.8636319387608327,-0.23129527209416634,2020-12-28,,,281
-0.5236072675276735,-0.7649999999999999,2.0,0.8636319387608327,-0.23129527209416634,2020-12-29,,,282
-0.5718858140221388,-0.675,2.0,0.8636319387608327,-0.23129527209416634,2020-12-30,,,283
-0.5925086512177111,-0.84,2.0,0.8636319387608327,-0.23129527209416634,2020-12-31,,,284
-0.6420069209741689,-0.71,2.0,0.8636319387608327,-0.23129527209416634,2021-01-04,,,285
-0.6556055367793352,-0.69,2.0,0.8636319387608327,-0.23129527209416634,2021-01-05,,,286
-0.6624844294234682,-0.4,2.0,0.8636319387608327,-0.23129527209416634,2021-01-06,,,287
-0.6099875435387745,-0.36,2.0,0.8636319387608327,-0.23129527209416634,2021-01-07,,,288
-0.5599900348310196,-0.37,2.0,0.8636319387608327,-0.23129527209416634,2021-01-08,,,289
-0.5219920278648157,-0.17,2.0,0.8636319387608327,-0.23129527209416634,2021-01-09,,,290
-0.4515936222918526,-0.31,2.0,0.8636319387608327,-0.23129527209416634,2021-01-11,,,291
-0.4232748978334821,-0.51,2.0,0.8636319387608327,-0.23129527209416634,2021-01-12,,,292
-0.4406199182667857,-0.505,2.0,0.8636319387608327,-0.23129527209416634,2021-01-13,,,293
-0.45349593461342863,-0.43,2.0,0.8636319387608327,-0.23129527209416634,2021-01-14,,,294
-0.44879674769074296,-0.18,2.0,0.8636319387608327,-0.23129527209416634,2021-01-15,,,295
-0.39503739815259437,-0.23,2.0,0.8636319387608327,-0.23129527209416634,2021-01-16,,,296
-0.3620299185220755,-0.65,2.0,0.8636319387608327,-0.23129527209416634,2021-01-18,,,297
-0.4196239348176604,-0.44,2.0,0.8636319387608327,-0.23129527209416634,2021-01-19,,,298
-0.4236991478541284,-0.4,2.0,0.8636319387608327,-0.23129527209416634,2021-01-20,,,299
-0.41895931828330274,-0.79,2.0,0.8636319387608327,-0.23129527209416634,2021-01-21,,,300
-0.49316745462664224,-0.89,2.0,0.8636319387608327,-0.23129527209416634,2021-01-22,,,301
-0.5725339637013138,-0.7399999999999999,2.0,0.8636319387608327,-0.23129527209416634,2021-01-25,,,302
-0.6060271709610511,-0.525,2.0,0.8636319387608327,-0.23129527209416634,2021-01-26,,,303
-0.5898217367688409,-0.48,2.0,0.8636319387608327,-0.23129527209416634,2021-01-27,,,304
-0.5678573894150727,-0.75,2.0,0.8636319387608327,-0.23129527209416634,2021-01-28,,,305
-0.6042859115320582,-0.96,2.0,0.8636319387608327,-0.23129527209416634,2021-01-29,,,306
-0.6754287292256467,-0.7,2.0,0.8636319387608327,-0.23129527209416634,2021-02-01,,,307
-0.6803429833805174,-0.68,2.0,0.8636319387608327,-0.23129527209416634,2021-02-02,,,308
-0.6802743867044139,-0.9,2.0,0.8636319387608327,-0.23129527209416634,2021-02-03,,,309
-0.7242195093635312,-0.6,2.0,0.8636319387608327,-0.23129527209416634,2021-02-04,,,310
-0.699375607490825,-1.12,2.0,0.8636319387608327,-0.23129527209416634,2021-02-05,,,311
-0.78350048599266,0.21666666666666665,2.0,0.8636319387608327,-0.23129527209416634,2021-02-08,,,312
-0.5834670554607947,0.5,2.0,0.8636319387608327,-0.23129527209416634,2021-02-09,,,313
-0.3667736443686358,0.31,2.0,0.8636319387608327,-0.23129527209416634,2021-02-10,,,314
-0.23141891549490867,0.55,2.0,0.8636319387608327,-0.23129527209416634,2021-02-11,,,315
-0.07513513239592692,0.92,2.0,0.8636319387608327,-0.23129527209416634,2021-02-12,,,316
0.12389189408325849,0.96,2.0,0.8636319387608327,-0.23129527209416634,2021-02-13,,,317
0.2911135152666068,0.95,2.0,0.8636319387608327,-0.23129527209416634,2021-02-15,,,318
0.42289081221328545,0.7,2.0,0.8636319387608327,-0.23129527209416634,2021-02-16,,,319
0.4783126497706284,0.84,2.0,0.8636319387608327,-0.23129527209416634,2021-02-17,,,320
0.5506501198165027,0.61,2.0,0.8636319387608327,-0.23129527209416634,2021-02-18,,,321
0.5625200958532022,0.78,2.0,0.8636319387608327,-0.23129527209416634,2021-02-19,,,322
0.6060160766825617,0.71,2.0,0.8636319387608327,-0.23129527209416634,2021-02-22,,,323
0.6268128613460494,0.88,2.0,0.8636319387608327,-0.23129527209416634,2021-02-23,,,324
0.6774502890768396,0.81,2.0,0.8636319387608327,-0.23129527209416634,2021-02-24,,,325
0.7039602312614717,0.89,2.0,0.8636319387608327,-0.23129527209416634,2021-02-25,,,326
0.7411681850091774,0.98,2.0,0.8636319387608327,-0.23129527209416634,2021-02-26,,,327
0.788934548007342,0.77,2.0,0.8636319387608327,-0.23129527209416634,2021-03-01,,,328
0.7851476384058736,0.67,2.0,0.8636319387608327,-0.23129527209416634,2021-03-02,,,329
0.7621181107246989,0.65,2.0,0.8636319387608327,-0.23129527209416634,2021-03-03,,,330
0.7396944885797592,1.0350000000000001,2.0,0.8636319387608327,-0.23129527209416634,2021-03-04,,,331
0.7987555908638074,1.42,2.0,0.8636319387608327,-0.23129527209416634,2021-03-05,,,332
0.923004472691046,1.23,2.0,0.8636319387608327,-0.23129527209416634,2021-03-08,,,333
0.9844035781528369,0.88,2.0,0.8636319387608327,-0.23129527209416634,2021-03-09,,,334
0.9635228625222696,0.96,2.0,0.8636319387608327,-0.23129527209416634,2021-03-10,,,335
0.9628182900178157,0.48,2.0,0.8636319387608327,-0.23129527209416634,2021-03-11,,,336
0.8662546320142526,0.92,2.0,0.8636319387608327,-0.23129527209416634,2021-03-12,,,337
0.8770037056114022,0.47,2.0,0.8636319387608327,-0.23129527209416634,2021-03-13,,,338
0.7956029644891217,0.41,2.0,0.8636319387608327,-0.23129527209416634,2021-03-15,,,339
0.7184823715912974,0.92,2.0,0.8636319387608327,-0.23129527209416634,2021-03-16,,,340
0.7587858972730379,0.735,2.0,0.8636319387608327,-0.23129527209416634,2021-03-17,,,341
0.7540287178184304,0.71,2.0,0.8636319387608327,-0.23129527209416634,2021-03-18,,,342
0.7452229742547444,0.95,2.0,0.8636319387608327,-0.23129527209416634,2021-03-19,,,343
0.7861783794037955,0.79,2.0,0.8636319387608327,-0.23129527209416634,2021-03-22,,,344
0.7869427035230365,0.82,2.0,0.8636319387608327,-0.23129527209416634,2021-03-23,,,345
0.7935541628184293,0.82,2.0,0.8636319387608327,-0.23129527209416634,2021-03-24,,,346
0.7988433302547435,0.6,2.0,0.8636319387608327,-0.23129527209416634,2021-03-25,,,347
0.7590746642037949,0.69,2.0,0.8636319387608327,-0.23129527209416634,2021-03-26,,,348
0.7452597313630359,0.79,2.0,0.8636319387608327,-0.23129527209416634,2021-03-29,,,349
0.7542077850904287,0.44999999999999996,2.0,0.8636319387608327,-0.23129527209416634,2021-03-30,,,350
0.693366228072343,0.57,2.0,0.8636319387608327,-0.23129527209416634,2021-03-31,,,351
0.6686929824578745,0.495,2.0,0.8636319387608327,-0.23129527209416634,2021-04-01,,,352
0.6339543859662996,0.57,2.0,0.8636319387608327,-0.23129527209416634,2021-04-02,,,353
0.6211635087730397,0.05,2.0,0.8636319387608327,-0.23129527209416634,2021-04-06,,,354
0.5069308070184317,0.45999999999999996,2.0,0.8636319387608327,-0.23129527209416634,2021-04-07,,,355
0.49754464561474543,1.0,2.0,0.8636319387608327,-0.23129527209416634,2021-04-08,,,356
0.5980357164917964,0.54,2.0,0.8636319387608327,-0.23129527209416634,2021-04-09,,,357
0.5864285731934372,0.82,2.0,0.8636319387608327,-0.23129527209416634,2021-04-12,,,358
0.6331428585547498,0.86,2.0,0.8636319387608327,-0.23129527209416634,2021-04-13,,,359
0.6785142868437999,0.82,2.0,0.8636319387608327,-0.23129527209416634,2021-04-14,,,360
0.7068114294750399,0.74,2.0,0.8636319387608327,-0.23129527209416634,2021-04-15,,,361
0.713449143580032,0.65,2.0,0.8636319387608327,-0.23129527209416634,2021-04-16,,,362
0.7007593148640257,0.3,2.0,0.8636319387608327,-0.23129527209416634,2021-04-17,,,363
0.6206074518912206,0.09,2.0,0.8636319387608327,-0.23129527209416634,2021-04-19,,,364
0.5144859615129764,0.24,2.0,0.8636319387608327,-0.23129527209416634,2021-04-20,,,365
0.45958876921038117,0.14,2.0,0.8636319387608327,-0.23129527209416634,2021-04-21,,,366
0.39567101536830496,0.51,2.0,0.8636319387608327,-0.23129527209416634,2021-04-22,,,367
0.418536812294644,-0.04,2.0,0.8636319387608327,-0.23129527209416634,2021-04-23,,,368
0.3268294498357152,0.26,2.0,0.8636319387608327,-0.23129527209416634,2021-04-26,,,369
0.31346355986857216,0.29,2.0,0.8636319387608327,-0.23129527209416634,2021-04-27,,,370
0.30877084789485776,0.13,2.0,0.8636319387608327,-0.23129527209416634,2021-04-28,,,371
0.2730166783158862,-0.19,2.0,0.8636319387608327,-0.23129527209416634,2021-04-29,,,372
0.18041334265270897,-0.03,2.0,0.8636319387608327,-0.23129527209416634,2021-04-30,,,373
0.13833067412216718,0.09,2.0,0.8636319387608327,-0.23129527209416634,2021-05-03,,,374
0.12866453929773375,0.13,2.0,0.8636319387608327,-0.23129527209416634,2021-05-04,,,375
0.128931631438187,0.01,2.0,0.8636319387608327,-0.23129527209416634,2021-05-05,,,376
0.10514530515054961,-0.08,2.0,0.8636319387608327,-0.23129527209416634,2021-05-06,,,377
0.06811624412043969,0.02,2.0,0.8636319387608327,-0.23129527209416634,2021-05-07,,,378
0.058492995296351755,0.23,2.0,0.8636319387608327,-0.23129527209416634,2021-05-10,,,379
0.09279439623708141,-0.1,2.0,0.8636319387608327,-0.23129527209416634,2021-05-11,,,380
0.054235516989665125,-0.09,2.0,0.8636319387608327,-0.23129527209416634,2021-05-12,,,381
0.025388413591732103,-0.01,2.0,0.8636319387608327,-0.23129527209416634,2021-05-14,,,382
0.01831073087338568,-0.22,2.0,0.8636319387608327,-0.23129527209416634,2021-05-17,,,383
-0.02935141530129146,-0.06,2.0,0.8636319387608327,-0.23129527209416634,2021-05-18,,,384
-0.035481132241033164,0.14,2.0,0.8636319387608327,-0.23129527209416634,2021-05-19,,,385
-0.000384905792826528,0.12,2.0,0.8636319387608327,-0.23129527209416634,2021-05-20,,,386
0.02369207536573878,-0.03,2.0,0.8636319387608327,-0.23129527209416634,2021-05-21,,,387
0.012953660292591025,-0.15,2.0,0.8636319387608327,-0.23129527209416634,2021-05-22,,,388
-0.01963707176592718,-0.465,2.0,0.8636319387608327,-0.23129527209416634,2021-05-25,,,389
-0.10870965741274176,-0.10500000000000001,2.0,0.8636319387608327,-0.23129527209416634,2021-05-26,,,390
-0.10796772593019342,0.06,2.0,0.8636319387608327,-0.23129527209416634,2021-05-27,,,391
-0.07437418074415475,0.15,2.0,0.8636319387608327,-0.23129527209416634,2021-05-28,,,392
-0.0294993445953238,-0.85,2.0,0.8636319387608327,-0.23129527209416634,2021-05-31,,,393
-0.19359947567625907,0.0,2.0,0.8636319387608327,-0.23129527209416634,2021-06-01,,,394
-0.15487958054100726,0.3433333333333333,2.0,0.8636319387608327,-0.23129527209416634,2021-06-02,,,395
-0.05523699776613915,0.95,2.0,0.8636319387608327,-0.23129527209416634,2021-06-03,,,396
0.14581040178708868,0.57,2.0,0.8636319387608327,-0.23129527209416634,2021-06-04,,,397
0.23064832142967095,0.87,2.0,0.8636319387608327,-0.23129527209416634,2021-06-07,,,398
0.35851865714373676,0.7,2.0,0.8636319387608327,-0.23129527209416634,2021-06-08,,,399
0.42681492571498936,0.61,2.0,0.8636319387608327,-0.23129527209416634,2021-06-09,,,400
0.4634519405719915,0.5,2.0,0.8636319387608327,-0.23129527209416634,2021-06-10,,,401
0.4707615524575932,0.55,2.0,0.8636319387608327,-0.23129527209416634,2021-06-11,,,402
0.4866092419660746,0.10500000000000001,2.0,0.8636319387608327,-0.23129527209416634,2021-06-14,,,403
0.4102873935728597,0.64,2.0,0.8636319387608327,-0.23129527209416634,2021-06-15,,,404
0.4562299148582878,0.33,2.0,0.8636319387608327,-0.23129527209416634,2021-06-16,,,405
0.43098393188663026,-0.19,2.0,0.8636319387608327,-0.23129527209416634,2021-06-17,,,406
0.3067871455093042,-0.12,2.0,0.8636319387608327,-0.23129527209416634,2021-06-18,,,407
0.22142971640744338,0.04,2.0,0.8636319387608327,-0.23129527209416634,2021-06-19,,,408
0.18514377312595473,-0.010000000000000002,2.0,0.8636319387608327,-0.23129527209416634,2021-06-21,,,409
0.14611501850076378,-0.09,2.0,0.8636319387608327,-0.23129527209416634,2021-06-22,,,410
0.09889201480061102,-0.11,2.0,0.8636319387608327,-0.23129527209416634,2021-06-23,,,411
0.05711361184048881,-0.315,2.0,0.8636319387608327,-0.23129527209416634,2021-06-24,,,412
-0.017309110527608945,0.04,2.0,0.8636319387608327,-0.23129527209416634,2021-06-25,,,413
-0.005847288422087156,-0.5666666666666667,2.0,0.8636319387608327,-0.23129527209416634,2021-06-28,,,414
-0.11801116407100307,-0.47,2.0,0.8636319387608327,-0.23129527209416634,2021-06-29,,,415
-0.18840893125680247,-0.36,2.0,0.8636319387608327,-0.23129527209416634,2021-06-30,,,416
-0.222727145005442,-0.45,2.0,0.8636319387608327,-0.23129527209416634,2021-07-01,,,417
-0.26818171600435364,-0.5,2.0,0.8636319387608327,-0.23129527209416634,2021-07-02,,,418
-0.31454537280348294,-0.81,2.0,0.8636319387608327,-0.23129527209416634,2021-07-05,,,419
-0.4136362982427864,-0.78,2.0,0.8636319387608327,-0.23129527209416634,2021-07-06,,,420
-0.4869090385942292,-0.45,2.0,0.8636319387608327,-0.23129527209416634,2021-07-07,,,421
-0.4795272308753834,-0.47,2.0,0.8636319387608327,-0.23129527209416634,2021-07-08,,,422
-0.4776217847003067,-0.625,2.0,0.8636319387608327,-0.23129527209416634,2021-07-09,,,423
-0.5070974277602454,-0.51,2.0,0.8636319387608327,-0.23129527209416634,2021-07-12,,,424
-0.5076779422081963,-0.8,2.0,0.8636319387608327,-0.23129527209416634,2021-07-13,,,425
-0.5661423537665571,-0.73,2.0,0.8636319387608327,-0.23129527209416634,2021-07-15,,,426
-0.5989138830132457,-0.69,2.0,0.8636319387608327,-0.23129527209416634,2021-07-16,,,427
-0.6171311064105965,-0.54,2.0,0.8636319387608327,-0.23129527209416634,2021-07-19,,,428
-0.6017048851284773,-0.67,2.0,0.8636319387608327,-0.23129527209416634,2021-07-20,,,429
-0.6153639081027819,-0.61,2.0,0.8636319387608327,-0.23129527209416634,2021-07-21,,,430
-0.6142911264822255,-0.69,2.0,0.8636319387608327,-0.23129527209416634,2021-07-22,,,431
-0.6294329011857804,-0.66,2.0,0.8636319387608327,-0.23129527209416634,2021-07-23,,,432
-0.6355463209486244,-0.83,2.0,0.8636319387608327,-0.23129527209416634,2021-07-26,,,433
-0.6744370567588995,-0.93,2.0,0.8636319387608327,-0.23129527209416634,2021-07-27,,,434
-0.7255496454071197,-0.95,2.0,0.8636319387608327,-0.23129527209416634,2021-07-28,,,435
-0.7704397163256957,-0.86,2.0,0.8636319387608327,-0.23129527209416634,2021-07-29,,,436
-0.7883517730605567,-0.97,2.0,0.8636319387608327,-0.23129527209416634,2021-07-30,,,437
-0.8246814184484454,-0.85,2.0,0.8636319387608327,-0.23129527209416634,2021-08-02,,,438
-0.8297451347587564,-0.54,2.0,0.8636319387608327,-0.23129527209416634,2021-08-03,,,439
-0.7717961078070051,-0.98,2.0,0.8636319387608327,-0.23129527209416634,2021-08-04,,,440
-0.8134368862456041,-1.02,2.0,0.8636319387608327,-0.23129527209416634,2021-08-05,,,441
-0.8547495089964834,-1.14,2.0,0.8636319387608327,-0.23129527209416634,2021-08-06,,,442
-0.9117996071971868,-0.92,2.0,0.8636319387608327,-0.23129527209416634,2021-08-09,,,443
-0.9134396857577495,-0.91,2.0,0.8636319387608327,-0.23129527209416634,2021-08-10,,,444
-0.9127517486061997,-0.59,2.0,0.8636319387608327,-0.23129527209416634,2021-08-11,,,445
-0.8482013988849598,-0.81,2.0,0.8636319387608327,-0.23129527209416634,2021-08-12,,,446
-0.8405611191079679,-0.96,2.0,0.8636319387608327,-0.23129527209416634,2021-08-13,,,447
-0.8644488952863745,-1.16,2.0,0.8636319387608327,-0.23129527209416634,2021-08-16,,,448
-0.9235591162290996,-0.68,2.0,0.8636319387608327,-0.23129527209416634,2021-08-17,,,449
-0.8748472929832797,-0.85,2.0,0.8636319387608327,-0.23129527209416634,2021-08-18,,,450
-0.8698778343866238,-0.93,2.0,0.8636319387608327,-0.23129527209416634,2021-08-19,,,451
-0.8819022675092991,-1.04,2.0,0.8636319387608327,-0.23129527209416634,2021-08-20,,,452
-0.9135218140074393,-0.89,2.0,0.8636319387608327,-0.23129527209416634,2021-08-23,,,453
-0.9088174512059515,0.43,2.0,0.8636319387608327,-0.23129527209416634,2021-08-24,,,454
-0.6410539609647613,0.27,2.0,0.8636319387608327,-0.23129527209416634,2021-08-25,,,455
-0.45884316877180903,0.25,2.0,0.8636319387608327,-0.23129527209416634,2021-08-26,,,456
-0.31707453501744726,0.37,2.0,0.8636319387608327,-0.23129527209416634,2021-08-27,,,457
-0.1796596280139578,0.21,2.0,0.8636319387608327,-0.23129527209416634,2021-08-30,,,458
-0.10172770241116624,0.3,2.0,0.8636319387608327,-0.23129527209416634,2021-08-31,,,459
-0.021382161928932997,0.51,2.0,0.8636319387608327,-0.23129527209416634,2021-09-01,,,460
0.0848942704568536,0.26,2.0,0.8636319387608327,-0.23129527209416634,2021-09-02,,,461
0.11991541636548289,-0.12000000000000001,2.0,0.8636319387608327,-0.23129527209416634,2021-09-03,,,462
0.07193233309238631,0.1,2.0,0.8636319387608327,-0.23129527209416634,2021-09-06,,,463
0.07754586647390906,0.1,2.0,0.8636319387608327,-0.23129527209416634,2021-09-07,,,464
0.08203669317912725,0.04,2.0,0.8636319387608327,-0.23129527209416634,2021-09-08,,,465
0.0736293545433018,0.01,2.0,0.8636319387608327,-0.23129527209416634,2021-09-09,,,466
0.060903483634641445,-0.01,2.0,0.8636319387608327,-0.23129527209416634,2021-09-10,,,467
0.04672278690771316,0.48,2.0,0.8636319387608327,-0.23129527209416634,2021-09-13,,,468
0.13337822952617054,0.11,2.0,0.8636319387608327,-0.23129527209416634,2021-09-14,,,469
0.12870258362093642,0.11,2.0,0.8636319387608327,-0.23129527209416634,2021-09-15,,,470
0.12496206689674914,0.53,2.0,0.8636319387608327,-0.23129527209416634,2021-09-16,,,471
0.20596965351739932,0.22,2.0,0.8636319387608327,-0.23129527209416634,2021-09-17,,,472
0.20877572281391948,0.51,2.0,0.8636319387608327,-0.23129527209416634,2021-09-18,,,473
0.26902057825113557,0.31,2.0,0.8636319387608327,-0.23129527209416634,2021-09-20,,,474
0.2772164626009085,0.28,2.0,0.8636319387608327,-0.23129527209416634,2021-09-21,,,475
0.27777317008072683,0.45,2.0,0.8636319387608327,-0.23129527209416634,2021-09-22,,,476
0.3122185360645815,0.54,2.0,0.8636319387608327,-0.23129527209416634,2021-09-23,,,477
0.3577748288516652,0.48,2.0,0.8636319387608327,-0.23129527209416634,2021-09-24,,,478
0.38221986308133216,0.12,2.0,0.8636319387608327,-0.23129527209416634,2021-09-27,,,479
0.3297758904650658,0.25,2.0,0.8636319387608327,-0.23129527209416634,2021-09-28,,,480
0.3138207123720526,-0.02,2.0,0.8636319387608327,-0.23129527209416634,2021-09-29,,,481
0.24705656989764208,0.05,2.0,0.8636319387608327,-0.23129527209416634,2021-09-30,,,482
0.20764525591811367,-0.11,2.0,0.8636319387608327,-0.23129527209416634,2021-10-01,,,483
0.14411620473449097,-0.07,2.0,0.8636319387608327,-0.23129527209416634,2021-10-04,,,484
0.10129296378759278,-0.34,2.0,0.8636319387608327,-0.23129527209416634,2021-10-05,,,485
0.013034371030074224,0.1,2.0,0.8636319387608327,-0.23129527209416634,2021-10-06,,,486
0.03042749682405938,-0.12,2.0,0.8636319387608327,-0.23129527209416634,2021-10-07,,,487
0.00034199745924750474,-0.05,2.0,0.8636319387608327,-0.23129527209416634,2021-10-08,,,488
-0.009726402032601998,0.755,2.0,0.8636319387608327,-0.23129527209416634,2021-10-11,,,489
0.14321887837391842,0.56,2.0,0.8636319387608327,-0.23129527209416634,2021-10-12,,,490
0.22657510269913475,0.25,2.0,0.8636319387608327,-0.23129527209416634,2021-10-13,,,491
0.23126008215930782,0.24,2.0,0.8636319387608327,-0.23129527209416634,2021-10-14,,,492
0.23300806572744626,0.37,2.0,0.8636319387608327,-0.23129527209416634,2021-10-15,,,493
0.260406452581957,0.14,2.0,0.8636319387608327,-0.23129527209416634,2021-10-18,,,494
0.2363251620655656,0.15,2.0,0.8636319387608327,-0.23129527209416634,2021-10-19,,,495
0.2190601296524525,0.43,2.0,0.8636319387608327,-0.23129527209416634,2021-10-20,,,496
0.261248103721962,0.17,2.0,0.8636319387608327,-0.23129527209416634,2021-10-21,,,497
0.24299848297756962,0.62,2.0,0.8636319387608327,-0.23129527209416634,2021-10-22,,,498
0.3183987863820557,0.44,2.0,0.8636319387608327,-0.23129527209416634,2021-10-25,,,499
0.3427190291056446,0.0,2.0,0.8636319387608327,-0.23129527209416634,2021-10-26,,,500
0.2741752232845157,0.43,2.0,0.8636319387608327,-0.23129527209416634,2021-10-27,,,501
0.3053401786276126,0.0,2.0,0.8636319387608327,-0.23129527209416634,2021-10-28,,,502
0.2442721429020901,0.02,2.0,0.8636319387608327,-0.23129527209416634,2021-10-29,,,503
0.1994177143216721,0.15,2.0,0.8636319387608327,-0.23129527209416634,2021-10-30,,,504
0.1895341714573377,-0.33,2.0,0.8636319387608327,-0.23129527209416634,2021-11-02,,,505
0.08562733716587018,-0.18,2.0,0.8636319387608327,-0.23129527209416634,2021-11-03,,,506
0.03250186973269615,-0.19999999999999998,2.0,0.8636319387608327,-0.23129527209416634,2021-11-04,,,507
-0.01399850421384308,0.32,2.0,0.8636319387608327,-0.23129527209416634,2021-11-05,,,508
0.05280119662892554,0.3,2.0,0.8636319387608327,-0.23129527209416634,2021-11-08,,,509
0.10224095730314042,0.28,2.0,0.8636319387608327,-0.23129527209416634,2021-11-09,,,510
0.13779276584251235,0.52,2.0,0.8636319387608327,-0.23129527209416634,2021-11-10,,,511
0.21423421267400988,0.04,2.0,0.8636319387608327,-0.23129527209416634,2021-11-12,,,512
0.1793873701392079,0.21,2.0,0.8636319387608327,-0.23129527209416634,2021-11-13,,,513
0.18550989611136634,0.93,2.0,0.8636319387608327,-0.23129527209416634,2021-11-15,,,514
0.3344079168890931,0.5766666666666667,2.0,0.8636319387608327,-0.23129527209416634,2021-11-16,,,515
0.3828596668446078,0.69,2.0,0.8636319387608327,-0.23129527209416634,2021-11-17,,,516
0.4442877334756863,0.28,2.0,0.8636319387608327,-0.23129527209416634,2021-11-18,,,517
0.41143018678054905,0.53,2.0,0.8636319387608327,-0.23129527209416634,2021-11-19,,,518
0.43514414942443924,0.2733333333333334,2.0,0.8636319387608327,-0.23129527209416634,2021-11-22,,,519
0.40278198620621813,0.57,2.0,0.8636319387608327,-0.23129527209416634,2021-11-23,,,520
0.43622558896497454,1.394,2.0,0.8636319387608327,-0.23129527209416634,2021-11-24,,,521
0.6277804711719797,1.58,2.0,0.8636319387608327,-0.23129527209416634,2021-11-25,,,522
0.8182243769375838,1.0699999999999998,2.0,0.8636319387608327,-0.23129527209416634,2021-11-26,,,523
0.868579501550067,0.95,2.0,0.8636319387608327,-0.23129527209416634,2021-11-27,,,524
0.8848636012400537,1.44,2.0,0.8636319387608327,-0.23129527209416634,2021-11-29,,,525
0.995890880992043,1.6,2.0,0.8636319387608327,-0.23129527209416634,2021-11-30,,,526
1.1167127047936345,1.29,2.0,0.8636319387608327,-0.23129527209416634,2021-12-01,,,527
1.1513701638349076,1.6,2.0,0.8636319387608327,-0.23129527209416634,2021-12-02,,,528
1.2410961310679263,0.15,2.0,0.8636319387608327,-0.23129527209416634,2021-12-03,,,529
1.0228769048543411,-0.08,2.0,0.8636319387608327,-0.23129527209416634,2021-12-04,,,530
0.802301523883473,-0.18,2.0,0.8636319387608327,-0.23129527209416634,2021-12-06,,,531
0.6058412191067784,-0.38,2.0,0.8636319387608327,-0.23129527209416634,2021-12-07,,,532
0.4086729752854227,0.0,2.0,0.8636319387608327,-0.23129527209416634,2021-12-08,,,533
0.32693838022833815,-0.08,2.0,0.8636319387608327,-0.23129527209416634,2021-12-09,,,534
0.2455507041826705,-0.16,2.0,0.8636319387608327,-0.23129527209416634,2021-12-10,,,535
0.1644405633461364,0.02,2.0,0.8636319387608327,-0.23129527209416634,2021-12-11,,,536
0.13555245067690913,0.23,2.0,0.8636319387608327,-0.23129527209416634,2021-12-13,,,537
0.1544419605415273,0.09999999999999999,2.0,0.8636319387608327,-0.23129527209416634,2021-12-14,,,538
0.14355356843322184,0.15,2.0,0.8636319387608327,-0.23129527209416634,2021-12-15,,,539
0.1448428547465775,0.27,2.0,0.8636319387608327,-0.23129527209416634,2021-12-16,,,540
0.169874283797262,0.27,2.0,0.8636319387608327,-0.23129527209416634,2021-12-17,,,541
0.1898994270378096,-0.15,2.0,0.8636319387608327,-0.23129527209416634,2021-12-20,,,542
0.12191954163024768,0.03,2.0,0.8636319387608327,-0.23129527209416634,2021-12-21,,,543
0.10353563330419815,-0.49,2.0,0.8636319387608327,-0.23129527209416634,2021-12-22,,,544
-0.015171493356641474,-0.57,2.0,0.8636319387608327,-0.23129527209416634,2021-12-23,,,545
-0.12613719468531318,-0.64,2.0,0.8636319387608327,-0.23129527209416634,2021-12-24,,,546
-0.22890975574825057,-1.085,2.0,0.8636319387608327,-0.23129527209416634,2021-12-27,,,547
-0.4001278045986004,-0.78,2.0,0.8636319387608327,-0.23129527209416634,2021-12-28,,,548
-0.4761022436788804,-0.825,2.0,0.8636319387608327,-0.23129527209416634,2021-12-29,,,549
-0.5458817949431043,-0.5,2.0,0.8636319387608327,-0.23129527209416634,2021-12-30,,,550
-0.5367054359544835,-0.89,2.0,0.8636319387608327,-0.23129527209416634,2021-12-31,,,551
-0.6073643487635868,-0.65,2.0,0.8636319387608327,-0.23129527209416634,2022-01-03,,,552
-0.6158914790108695,-1.07,2.0,0.8636319387608327,-0.23129527209416634,2022-01-04,,,553
-0.7067131832086957,-1.13,2.0,0.8636319387608327,-0.23129527209416634,2022-01-05,,,554
-0.7913705465669566,-0.86,2.0,0.8636319387608327,-0.23129527209416634,2022-01-06,,,555
-0.8050964372535654,-0.9,2.0,0.8636319387608327,-0.23129527209416634,2022-01-07,,,556
-0.8240771498028524,-1.09,2.0,0.8636319387608327,-0.23129527209416634,2022-01-10,,,557
-0.8772617198422821,-0.72,2.0,0.8636319387608327,-0.23129527209416634,2022-01-11,,,558
-0.8458093758738258,-0.83,2.0,0.8636319387608327,-0.23129527209416634,2022-01-12,,,559
-0.8426475006990607,-0.8,2.0,0.8636319387608327,-0.23129527209416634,2022-01-13,,,560
-0.8341180005592487,-0.61,2.0,0.8636319387608327,-0.23129527209416634,2022-01-14,,,561
-0.789294400447399,-1.11,2.0,0.8636319387608327,-0.23129527209416634,2022-01-15,,,562
-0.8534355203579191,-1.18,2.0,0.8636319387608327,-0.23129527209416634,2022-01-17,,,563
-0.9187484162863353,-0.585,2.0,0.8636319387608327,-0.23129527209416634,2022-01-18,,,564
-0.8519987330290683,-0.24,2.0,0.8636319387608327,-0.23129527209416634,2022-01-19,,,565
-0.7295989864232547,-0.5,2.0,0.8636319387608327,-0.23129527209416634,2022-01-20,,,566
-0.6836791891386038,-0.18,2.0,0.8636319387608327,-0.23129527209416634,2022-01-21,,,567
-0.5829433513108832,-0.21,2.0,0.8636319387608327,-0.23129527209416634,2022-01-24,,,568
-0.5083546810487065,-0.92,2.0,0.8636319387608327,-0.23129527209416634,2022-01-25,,,569
-0.5906837448389652,-0.77,2.0,0.8636319387608327,-0.23129527209416634,2022-01-26,,,570
-0.6265469958711722,-0.93,2.0,0.8636319387608327,-0.23129527209416634,2022-01-27,,,571
-0.6872375966969378,-0.82,2.0,0.8636319387608327,-0.23129527209416634,2022-01-28,,,572
-0.7137900773575503,-1.09,2.0,0.8636319387608327,-0.23129527209416634,2022-01-31,,,573
-0.7890320618860402,-0.73,2.0,0.8636319387608327,-0.23129527209416634,2022-02-01,,,574
-0.7772256495088322,-1.1,2.0,0.8636319387608327,-0.23129527209416634,2022-02-02,,,575
-0.8417805196070658,-1.23,2.0,0.8636319387608327,-0.23129527209416634,2022-02-03,,,576
-0.9194244156856527,-1.37,2.0,0.8636319387608327,-0.23129527209416634,2022-02-04,,,577
-1.0095395325485224,-1.2,2.0,0.8636319387608327,-0.23129527209416634,2022-02-07,,,578
-1.0476316260388179,-1.0,2.0,0.8636319387608327,-0.23129527209416634,2022-02-08,,,579
-1.0381053008310543,-1.31,2.0,0.8636319387608327,-0.23129527209416634,2022-02-09,,,580
-1.0924842406648434,-1.03,2.0,0.8636319387608327,-0.23129527209416634,2022-02-10,,,581
-1.0799873925318748,-0.94,2.0,0.8636319387608327,-0.23129527209416634,2022-02-11,,,582
-1.0519899140254998,-1.11,2.0,0.8636319387608327,-0.23129527209416634,2022-02-12,,,583
-1.0635919312203999,-1.12,2.0,0.8636319387608327,-0.23129527209416634,2022-02-14,,,584
-1.07487354497632,-1.19,2.0,0.8636319387608327,-0.23129527209416634,2022-02-15,,,585
-1.0978988359810562,-1.33,2.0,0.8636319387608327,-0.23129527209416634,2022-02-16,,,586
-1.144319068784845,-0.95,2.0,0.8636319387608327,-0.23129527209416634,2022-02-17,,,587
-1.105455255027876,-1.27,2.0,0.8636319387608327,-0.23129527209416634,2022-02-18,,,588
-1.138364204022301,-1.6,2.0,0.8636319387608327,-0.23129527209416634,2022-02-21,,,589
-1.230691363217841,-1.31,2.0,0.8636319387608327,-0.23129527209416634,2022-02-22,,,590
-1.2465530905742728,-1.41,2.0,0.8636319387608327,-0.23129527209416634,2022-02-23,,,591
-1.2792424724594182,-1.29,2.0,0.8636319387608327,-0.23129527209416634,2022-02-24,,,592
-1.2813939779675347,-1.13,2.0,0.8636319387608327,-0.23129527209416634,2022-02-25,,,593
-1.2511151823740279,-1.23,2.0,0.8636319387608327,-0.23129527209416634,2022-02-28,,,594
-1.2468921458992224,-1.21,2.0,0.8636319387608327,-0.23129527209416634,2022-03-01,,,595
-1.239513716719378,-1.27,2.0,0.8636319387608327,-0.23129527209416634,2022-03-02,,,596
-1.2456109733755025,-0.9,2.0,0.8636319387608327,-0.23129527209416634,2022-03-03,,,597
-1.1764887787004021,-1.5533333333333335,2.0,0.8636319387608327,-0.23129527209416634,2022-03-04,,,598
-1.2518576896269884,-1.18,2.0,0.8636319387608327,-0.23129527209416634,2022-03-07,,,599
-1.2374861517015907,-2.0,2.0,0.8636319387608327,-0.23129527209416634,2022-03-08,,,600
-1.3899889213612726,-1.09,2.0,0.8636319387608327,-0.23129527209416634,2022-03-09,,,601
-1.329991137089018,-0.93,2.0,0.8636319387608327,-0.23129527209416634,2022-03-10,,,602
-1.2499929096712143,-1.73,2.0,0.8636319387608327,-0.23129527209416634,2022-03-11,,,603
-1.3459943277369715,-1.23,2.0,0.8636319387608327,-0.23129527209416634,2022-03-12,,,604
-1.3227954621895772,-1.07,2.0,0.8636319387608327,-0.23129527209416634,2022-03-14,,,605
-1.2722363697516619,-1.49,2.0,0.8636319387608327,-0.23129527209416634,2022-03-15,,,606
-1.3157890958013296,-1.5,2.0,0.8636319387608327,-0.23129527209416634,2022-03-16,,,607
-1.3526312766410638,-1.43,2.0,0.8636319387608327,-0.23129527209416634,2022-03-17,,,608
-1.3681050213128512,-1.03,2.0,0.8636319387608327,-0.23129527209416634,2022-03-18,,,609
-1.300484017050281,-1.33,2.0,0.8636319387608327,-0.23129527209416634,2022-03-21,,,610
-1.3063872136402248,-1.55,2.0,0.8636319387608327,-0.23129527209416634,2022-03-22,,,611
-1.35510977091218,-1.33,2.0,0.8636319387608327,-0.23129527209416634,2022-03-23,,,612
-1.350087816729744,-1.47,2.0,0.8636319387608327,-0.23129527209416634,2022-03-24,,,613
-1.3740702533837954,-1.57,2.0,0.8636319387608327,-0.23129527209416634,2022-03-25,,,614
-1.4132562027070363,-1.8766666666666667,2.0,0.8636319387608327,-0.23129527209416634,2022-03-28,,,615
-1.5059382954989624,-1.89,2.0,0.8636319387608327,-0.23129527209416634,2022-03-29,,,616
-1.5827506363991701,-1.63,2.0,0.8636319387608327,-0.23129527209416634,2022-03-30,,,617
-1.5922005091193363,-2.13,2.0,0.8636319387608327,-0.23129527209416634,2022-03-31,,,618
-1.699760407295469,-2.01,2.0,0.8636319387608327,-0.23129527209416634,2022-04-01,,,619
-1.7618083258363753,-1.63,2.0,0.8636319387608327,-0.23129527209416634,2022-04-04,,,620
-1.7354466606691004,-1.63,2.0,0.8636319387608327,-0.23129527209416634,2022-04-05,,,621
-1.7143573285352804,-1.55,2.0,0.8636319387608327,-0.23129527209416634,2022-04-06,,,622
-1.6814858628282245,-1.82,2.0,0.8636319387608327,-0.23129527209416634,2022-04-07,,,623
-1.70918869026258,-1.93,2.0,0.8636319387608327,-0.23129527209416634,2022-04-08,,,624
-1.7533509522100639,-1.72,2.0,0.8636319387608327,-0.23129527209416634,2022-04-09,,,625
-1.7466807617680513,-2.19,2.0,0.8636319387608327,-0.23129527209416634,2022-04-11,,,626
-1.835344609414441,-1.57,2.0,0.8636319387608327,-0.23129527209416634,2022-04-12,,,627
-1.7822756875315529,-1.76,2.0,0.8636319387608327,-0.23129527209416634,2022-04-13,,,628
-1.7778205500252424,-1.31,2.0,0.8636319387608327,-0.23129527209416634,2022-04-14,,,629
-1.684256440020194,-1.7,2.0,0.8636319387608327,-0.23129527209416634,2022-04-15,,,630
-1.6874051520161555,-1.93,2.0,0.8636319387608327,-0.23129527209416634,2022-04-19,,,631
-1.7359241216129244,-1.72,2.0,0.8636319387608327,-0.23129527209416634,2022-04-20,,,632
-1.7327392972903397,-2.07,2.0,0.8636319387608327,-0.23129527209416634,2022-04-21,,,633
-1.8001914378322719,-1.73,2.0,0.8636319387608327,-0.23129527209416634,2022-04-22,,,634
-1.7861531502658177,-1.84,2.0,0.8636319387608327,-0.23129527209416634,2022-04-23,,,635
-1.7969225202126544,-1.55,2.0,0.8636319387608327,-0.23129527209416634,2022-04-25,,,636
-1.7475380161701237,-1.82,2.0,0.8636319387608327,-0.23129527209416634,2022-04-26,,,637
-1.762030412936099,-1.54,2.0,0.8636319387608327,-0.23129527209416634,2022-04-27,,,638
-1.7176243303488794,-2.11,2.0,0.8636319387608327,-0.23129527209416634,2022-04-28,,,639
-1.7960994642791035,-1.51,2.0,0.8636319387608327,-0.23129527209416634,2022-04-29,,,640
-1.738879571423283,-1.74,2.0,0.8636319387608327,-0.23129527209416634,2022-05-02,,,641
-1.7391036571386265,-1.37,2.0,0.8636319387608327,-0.23129527209416634,2022-05-03,,,642
-1.6652829257109012,-1.35,2.0,0.8636319387608327,-0.23129527209416634,2022-05-04,,,643
-1.6022263405687212,-1.56,2.0,0.8636319387608327,-0.23129527209416634,2022-05-05,,,644
-1.593781072454977,-1.85,2.0,0.8636319387608327,-0.23129527209416634,2022-05-06,,,645
-1.645024857963982,-1.86,2.0,0.8636319387608327,-0.23129527209416634,2022-05-09,,,646
-1.6880198863711857,-1.61,2.0,0.8636319387608327,-0.23129527209416634,2022-05-10,,,647
-1.6724159090969488,-2.02,2.0,0.8636319387608327,-0.23129527209416634,2022-05-11,,,648
-1.7419327272775593,-2.08,2.0,0.8636319387608327,-0.23129527209416634,2022-05-12,,,649
-1.8095461818220477,-2.085,2.0,0.8636319387608327,-0.23129527209416634,2022-05-13,,,650
-1.8646369454576384,-2.02,2.0,0.8636319387608327,-0.23129527209416634,2022-05-14,,,651
-1.8957095563661106,-1.99,2.0,0.8636319387608327,-0.23129527209416634,2022-05-16,,,652
-1.9145676450928888,-1.84,2.0,0.8636319387608327,-0.23129527209416634,2022-05-17,,,653
-1.8996541160743112,-2.3,2.0,0.8636319387608327,-0.23129527209416634,2022-05-18,,,654
-1.979723292859449,-2.235,2.0,0.8636319387608327,-0.23129527209416634,2022-05-19,,,655
-2.030778634287559,-0.8066666666666666,2.0,0.8636319387608327,-0.23129527209416634,2022-05-20,,,656
-1.7859562407633807,0.06,2.0,0.8636319387608327,-0.23129527209416634,2022-05-23,,,657
-1.4167649926107047,0.12,2.0,0.8636319387608327,-0.23129527209416634,2022-05-24,,,658
-1.1094119940885638,1.0,2.0,0.8636319387608327,-0.23129527209416634,2022-05-25,,,659
-0.6875295952708511,1.685,2.0,0.8636319387608327,-0.23129527209416634,2022-05-27,,,660
-0.2130236762166809,1.31,2.0,0.8636319387608327,-0.23129527209416634,2022-05-30,,,661
0.09158105902665528,1.32,2.0,0.8636319387608327,-0.23129527209416634,2022-05-31,,,662
0.3372648472213242,1.03,2.0,0.8636319387608327,-0.23129527209416634,2022-06-01,,,663
0.4758118777770594,1.32,2.0,0.8636319387608327,-0.23129527209416634,2022-06-02,,,664
0.6446495022216476,1.03,2.0,0.8636319387608327,-0.23129527209416634,2022-06-03,,,665
0.7217196017773182,1.02,2.0,0.8636319387608327,-0.23129527209416634,2022-06-07,,,666
0.7813756814218547,0.62,2.0,0.8636319387608327,-0.23129527209416634,2022-06-08,,,667
0.7491005451374838,0.87,2.0,0.8636319387608327,-0.23129527209416634,2022-06-09,,,668
0.7732804361099871,0.75,2.0,0.8636319387608327,-0.23129527209416634,2022-06-10,,,669
0.7686243488879897,0.78,2.0,0.8636319387608327,-0.23129527209416634,2022-06-11,,,670
0.7708994791103918,2.9175,2.0,0.8636319387608327,-0.23129527209416634,2022-06-14,,,671
1.2002195832883134,0.83,2.0,0.8636319387608327,-0.23129527209416634,2022-06-15,,,672
1.1261756666306506,0.87,2.0,0.8636319387608327,-0.23129527209416634,2022-06-16,,,673
1.0749405333045206,0.96,2.0,0.8636319387608327,-0.23129527209416634,2022-06-17,,,674
1.0519524266436164,0.79,2.0,0.8636319387608327,-0.23129527209416634,2022-06-18,,,675
0.9995619413148932,0.53,2.0,0.8636319387608327,-0.23129527209416634,2022-06-20,,,676
0.9056495530519145,0.67,2.0,0.8636319387608327,-0.23129527209416634,2022-06-21,,,677
0.8585196424415317,0.61,2.0,0.8636319387608327,-0.23129527209416634,2022-06-22,,,678
0.8088157139532254,1.23,2.0,0.8636319387608327,-0.23129527209416634,2022-06-23,,,679
0.8930525711625803,0.71,2.0,0.8636319387608327,-0.23129527209416634,2022-06-24,,,680
0.8564420569300643,0.6,2.0,0.8636319387608327,-0.23129527209416634,2022-06-25,,,681
0.8051536455440514,0.66,2.0,0.8636319387608327,-0.23129527209416634,2022-06-27,,,682
0.7761229164352412,0.86,2.0,0.8636319387608327,-0.23129527209416634,2022-06-28,,,683
0.792898333148193,0.59,2.0,0.8636319387608327,-0.23129527209416634,2022-06-29,,,684
0.7523186665185545,0.63,2.0,0.8636319387608327,-0.23129527209416634,2022-06-30,,,685
0.7278549332148436,0.91,2.0,0.8636319387608327,-0.23129527209416634,2022-07-01,,,686
0.7642839465718749,0.84,2.0,0.8636319387608327,-0.23129527209416634,2022-07-04,,,687
0.7794271572575,1.05,2.0,0.8636319387608327,-0.23129527209416634,2022-07-05,,,688
0.8335417258060001,0.94,2.0,0.8636319387608327,-0.23129527209416634,2022-07-06,,,689
0.8548333806448001,0.58,2.0,0.8636319387608327,-0.23129527209416634,2022-07-07,,,690
0.7998667045158401,1.03,2.0,0.8636319387608327,-0.23129527209416634,2022-07-08,,,691
0.8458933636126722,0.67,2.0,0.8636319387608327,-0.23129527209416634,2022-07-09,,,692
0.8107146908901378,0.56,2.0,0.8636319387608327,-0.23129527209416634,2022-07-11,,,693
0.7605717527121103,0.56,2.0,0.8636319387608327,-0.23129527209416634,2022-07-12,,,694
0.7204574021696882,0.25,2.0,0.8636319387608327,-0.23129527209416634,2022-07-13,,,695
0.6263659217357507,0.45,2.0,0.8636319387608327,-0.23129527209416634,2022-07-15,,,696
0.5910927373886006,0.46,2.0,0.8636319387608327,-0.23129527209416634,2022-07-18,,,697
0.5648741899108805,0.12,2.0,0.8636319387608327,-0.23129527209416634,2022-07-19,,,698
0.4758993519287044,0.14,2.0,0.8636319387608327,-0.23129527209416634,2022-07-20,,,699
0.40871948154296356,0.54,2.0,0.8636319387608327,-0.23129527209416634,2022-07-21,,,700
0.43497558523437085,0.65,2.0,0.8636319387608327,-0.23129527209416634,2022-07-22,,,701
0.47798046818749673,0.41,2.0,0.8636319387608327,-0.23129527209416634,2022-07-25,,,702
0.4643843745499974,0.76,2.0,0.8636319387608327,-0.23129527209416634,2022-07-26,,,703
0.523507499639998,0.62,2.0,0.8636319387608327,-0.23129527209416634,2022-07-27,,,704
0.5428059997119984,0.56,2.0,0.8636319387608327,-0.23129527209416634,2022-07-28,,,705
0.5462447997695987,0.64,2.0,0.8636319387608327,-0.23129527209416634,2022-07-29,,,706
0.564995839815679,0.7,2.0,0.8636319387608327,-0.23129527209416634,2022-08-01,,,707
0.5919966718525432,0.53,2.0,0.8636319387608327,-0.23129527209416634,2022-08-02,,,708
0.5795973374820346,0.35000000000000003,2.0,0.8636319387608327,-0.23129527209416634,2022-08-03,,,709
0.5336778699856277,0.2,2.0,0.8636319387608327,-0.23129527209416634,2022-08-04,,,710
0.46694229598850223,0.355,2.0,0.8636319387608327,-0.23129527209416634,2022-08-05,,,711
0.4445538367908018,0.51,2.0,0.8636319387608327,-0.23129527209416634,2022-08-08,,,712
0.45764306943264144,0.44,2.0,0.8636319387608327,-0.23129527209416634,2022-08-09,,,713
0.4541144555461132,0.49,2.0,0.8636319387608327,-0.23129527209416634,2022-08-10,,,714
0.46129156443689057,0.42,2.0,0.8636319387608327,-0.23129527209416634,2022-08-11,,,715
0.4530332515495125,0.57,2.0,0.8636319387608327,-0.23129527209416634,2022-08-12,,,716
0.47642660123961,0.13,2.0,0.8636319387608327,-0.23129527209416634,2022-08-16,,,717
0.40714128099168806,0.17,2.0,0.8636319387608327,-0.23129527209416634,2022-08-17,,,718
0.35971302479335043,0.09,2.0,0.8636319387608327,-0.23129527209416634,2022-08-18,,,719
0.3057704198346804,0.23,2.0,0.8636319387608327,-0.23129527209416634,2022-08-19,,,720
0.2906163358677443,0.19,2.0,0.8636319387608327,-0.23129527209416634,2022-08-22,,,721
0.2704930686941955,0.3,2.0,0.8636319387608327,-0.23129527209416634,2022-08-23,,,722
0.2763944549553564,0.32,2.0,0.8636319387608327,-0.23129527209416634,2022-08-24,,,723
0.28511556396428517,0.0,2.0,0.8636319387608327,-0.23129527209416634,2022-08-25,,,724
0.22809245117142815,0.16,2.0,0.8636319387608327,-0.23129527209416634,2022-08-26,,,725
0.21447396093714252,0.39,2.0,0.8636319387608327,-0.23129527209416634,2022-08-29,,,726
0.24957916874971403,-0.19,2.0,0.8636319387608327,-0.23129527209416634,2022-08-30,,,727
0.16166333499977123,0.24,2.0,0.8636319387608327,-0.23129527209416634,2022-08-31,,,728
0.177330667999817,0.12333333333333334,2.0,0.8636319387608327,-0.23129527209416634,2022-09-01,,,729
0.16653120106652028,0.28,2.0,0.8636319387608327,-0.23129527209416634,2022-09-02,,,730
0.18922496085321622,0.17,2.0,0.8636319387608327,-0.23129527209416634,2022-09-05,,,731
0.18537996868257298,0.2,2.0,0.8636319387608327,-0.23129527209416634,2022-09-06,,,732
0.18830397494605838,0.09,2.0,0.8636319387608327,-0.23129527209416634,2022-09-07,,,733
0.16864317995684672,-0.13,2.0,0.8636319387608327,-0.23129527209416634,2022-09-08,,,734
0.1089145439654774,-0.22,2.0,0.8636319387608327,-0.23129527209416634,2022-09-09,,,735
0.04313163517238192,0.19,2.0,0.8636319387608327,-0.23129527209416634,2022-09-12,,,736
0.07250530813790554,-0.275,2.0,0.8636319387608327,-0.23129527209416634,2022-09-13,,,737
0.0030042465103244237,-0.05,2.0,0.8636319387608327,-0.23129527209416634,2022-09-14,,,738
-0.007596602791740462,0.08,2.0,0.8636319387608327,-0.23129527209416634,2022-09-15,,,739
0.009922717766607629,0.16,2.0,0.8636319387608327,-0.23129527209416634,2022-09-16,,,740
0.039938174213286104,0.26,2.0,0.8636319387608327,-0.23129527209416634,2022-09-19,,,741
0.08395053937062888,0.3,2.0,0.8636319387608327,-0.23129527209416634,2022-09-20,,,742
0.1271604314965031,0.17,2.0,0.8636319387608327,-0.23129527209416634,2022-09-21,,,743
0.1357283451972025,0.2,2.0,0.8636319387608327,-0.23129527209416634,2022-09-22,,,744
0.14858267615776202,0.22,2.0,0.8636319387608327,-0.23129527209416634,2022-09-23,,,745
0.16286614092620963,0.28,2.0,0.8636319387608327,-0.23129527209416634,2022-09-26,,,746
0.1862929127409677,-0.02,2.0,0.8636319387608327,-0.23129527209416634,2022-09-27,,,747
0.14503433019277417,-0.28,2.0,0.8636319387608327,-0.23129527209416634,2022-09-28,,,748
0.060027464154219334,-0.3633333333333333,2.0,0.8636319387608327,-0.23129527209416634,2022-09-29,,,749
-0.02464469534329119,-0.18,2.0,0.8636319387608327,-0.23129527209416634,2022-09-30,,,750
-0.05571575627463295,-0.11,2.0,0.8636319387608327,-0.23129527209416634,2022-10-01,,,751
-0.06657260501970637,-0.105,2.0,0.8636319387608327,-0.23129527209416634,2022-10-03,,,752
-0.0742580840157651,-0.06,2.0,0.8636319387608327,-0.23129527209416634,2022-10-04,,,753
-0.07140646721261208,-0.25,2.0,0.8636319387608327,-0.23129527209416634,2022-10-05,,,754
-0.10712517377008968,0.17,2.0,0.8636319387608327,-0.23129527209416634,2022-10-06,,,755
-0.05170013901607175,0.12,2.0,0.8636319387608327,-0.23129527209416634,2022-10-07,,,756
-0.017360111212857403,0.02,2.0,0.8636319387608327,-0.23129527209416634,2022-10-10,,,757
-0.009888088970285923,-0.06,2.0,0.8636319387608327,-0.23129527209416634,2022-10-11,,,758
-0.01991047117622874,-0.14500000000000002,2.0,0.8636319387608327,-0.23129527209416634,2022-10-12,,,759
-0.04492837694098299,0.04,2.0,0.8636319387608327,-0.23129527209416634,2022-10-13,,,760
-0.027942701552786393,-0.09,2.0,0.8636319387608327,-0.23129527209416634,2022-10-14,,,761
-0.04035416124222911,-0.31,2.0,0.8636319387608327,-0.23129527209416634,2022-10-17,,,762
-0.09428332899378329,-0.365,2.0,0.8636319387608327,-0.23129527209416634,2022-10-18,,,763
-0.14842666319502662,-0.08499999999999999,2.0,0.8636319387608327,-0.23129527209416634,2022-10-19,,,764
-0.1357413305560213,-0.10666666666666669,2.0,0.8636319387608327,-0.23129527209416634,2022-10-20,,,765
-0.12992639777815038,0.375,2.0,0.8636319387608327,-0.23129527209416634,2022-10-21,,,766
-0.028941118222520296,0.69,2.0,0.8636319387608327,-0.23129527209416634,2022-10-22,,,767
0.11484710542198374,0.06,2.0,0.8636319387608327,-0.23129527209416634,2022-10-24,,,768
0.103877684337587,0.39,2.0,0.8636319387608327,-0.23129527209416634,2022-10-25,,,769
0.16110214747006962,0.6,2.0,0.8636319387608327,-0.23129527209416634,2022-10-26,,,770
0.2488817179760557,0.54,2.0,0.8636319387608327,-0.23129527209416634,2022-10-27,,,771
0.3071053743808446,0.47,2.0,0.8636319387608327,-0.23129527209416634,2022-10-28,,,772
0.3396842995046757,0.46,2.0,0.8636319387608327,-0.23129527209416634,2022-10-31,,,773
0.3637474396037406,0.44500000000000006,2.0,0.8636319387608327,-0.23129527209416634,2022-11-02,,,774
0.37999795168299255,0.45,2.0,0.8636319387608327,-0.23129527209416634,2022-11-03,,,775
0.3939983613463941,0.44,2.0,0.8636319387608327,-0.23129527209416634,2022-11-04,,,776
0.4031986890771153,0.46,2.0,0.8636319387608327,-0.23129527209416634,2022-11-05,,,777
0.4145589512616923,0.14,2.0,0.8636319387608327,-0.23129527209416634,2022-11-07,,,778
0.3596471610093539,0.30500000000000005,2.0,0.8636319387608327,-0.23129527209416634,2022-11-08,,,779
0.34871772880748314,0.32,2.0,0.8636319387608327,-0.23129527209416634,2022-11-09,,,780
0.34297418304598654,0.48,2.0,0.8636319387608327,-0.23129527209416634,2022-11-10,,,781
0.37037934643678927,-0.5,2.0,0.8636319387608327,-0.23129527209416634,2022-11-14,,,782
0.19630347714943144,0.17,2.0,0.8636319387608327,-0.23129527209416634,2022-11-15,,,783
0.19104278171954517,0.02,2.0,0.8636319387608327,-0.23129527209416634,2022-11-16,,,784
0.15683422537563615,-0.05,2.0,0.8636319387608327,-0.23129527209416634,2022-11-17,,,785
0.11546738030050893,0.125,2.0,0.8636319387608327,-0.23129527209416634,2022-11-18,,,786
0.11737390424040714,0.14500000000000002,2.0,0.8636319387608327,-0.23129527209416634,2022-11-19,,,787
0.12289912339232573,0.31,2.0,0.8636319387608327,-0.23129527209416634,2022-11-21,,,788
0.16031929871386058,-0.08,2.0,0.8636319387608327,-0.23129527209416634,2022-11-22,,,789
0.11225543897108846,0.18,2.0,0.8636319387608327,-0.23129527209416634,2022-11-23,,,790
0.12580435117687078,0.13,2.0,0.8636319387608327,-0.23129527209416634,2022-11-24,,,791
0.12664348094149663,0.45,2.0,0.8636319387608327,-0.23129527209416634,2022-11-25,,,792
0.19131478475319733,0.21,2.0,0.8636319387608327,-0.23129527209416634,2022-11-28,,,793
0.1950518278025579,0.5,2.0,0.8636319387608327,-0.23129527209416634,2022-11-29,,,794
0.2560414622420463,0.26,2.0,0.8636319387608327,-0.23129527209416634,2022-11-30,,,795
0.2568331697936371,0.75,2.0,0.8636319387608327,-0.23129527209416634,2022-12-01,,,796
0.3554665358349097,0.49,2.0,0.8636319387608327,-0.23129527209416634,2022-12-02,,,797
0.3823732286679278,0.34,2.0,0.8636319387608327,-0.23129527209416634,2022-12-05,,,798
0.37389858293434225,0.41,2.0,0.8636319387608327,-0.23129527209416634,2022-12-06,,,799
0.38111886634747383,0.51,2.0,0.8636319387608327,-0.23129527209416634,2022-12-07,,,800
0.4068950930779791,0.22666666666666668,2.0,0.8636319387608327,-0.23129527209416634,2022-12-08,,,801
0.3708494077957166,-0.36,2.0,0.8636319387608327,-0.23129527209416634,2022-12-09,,,802
0.22467952623657328,0.04,2.0,0.8636319387608327,-0.23129527209416634,2022-12-10,,,803
0.18774362098925865,-0.01,2.0,0.8636319387608327,-0.23129527209416634,2022-12-12,,,804
0.14819489679140693,0.12,2.0,0.8636319387608327,-0.23129527209416634,2022-12-13,,,805
0.14255591743312554,0.1,2.0,0.8636319387608327,-0.23129527209416634,2022-12-14,,,806
0.13404473394650046,0.28,2.0,0.8636319387608327,-0.23129527209416634,2022-12-15,,,807
0.16323578715720038,0.34,2.0,0.8636319387608327,-0.23129527209416634,2022-12-16,,,808
0.19858862972576033,0.72,2.0,0.8636319387608327,-0.23129527209416634,2022-12-19,,,809
0.30287090378060827,0.33,2.0,0.8636319387608327,-0.23129527209416634,2022-12-20,,,810
0.30829672302448663,0.22,2.0,0.8636319387608327,-0.23129527209416634,2022-12-21,,,811
0.2906373784195893,0.14,2.0,0.8636319387608327,-0.23129527209416634,2022-12-22,,,812
0.2605099027356715,0.05,2.0,0.8636319387608327,-0.23129527209416634,2022-12-23,,,813
0.21840792218853722,0.15,2.0,0.8636319387608327,-0.23129527209416634,2022-12-26,,,814
0.2047263377508298,0.27,2.0,0.8636319387608327,-0.23129527209416634,2022-12-27,,,815
0.21778107020066384,0.06,2.0,0.8636319387608327,-0.23129527209416634,2022-12-28,,,816
0.18622485616053108,-0.3,2.0,0.8636319387608327,-0.23129527209416634,2022-12-29,,,817
0.08897988492842487,-0.07,2.0,0.8636319387608327,-0.23129527209416634,2022-12-30,,,818
0.057183907942739906,-0.28,2.0,0.8636319387608327,-0.23129527209416634,2023-01-02,,,819
-0.010252873645808083,-0.31,2.0,0.8636319387608327,-0.23129527209416634,2023-01-03,,,820
-0.07020229891664646,0.09,2.0,0.8636319387608327,-0.23129527209416634,2023-01-04,,,821
-0.03816183913331718,0.3,2.0,0.8636319387608327,-0.23129527209416634,2023-01-05,,,822
0.02947052869334625,0.25,2.0,0.8636319387608327,-0.23129527209416634,2023-01-06,,,823
0.073576422954677,-0.25,2.0,0.8636319387608327,-0.23129527209416634,2023-01-09,,,824
0.008861138363741604,0.08,2.0,0.8636319387608327,-0.23129527209416634,2023-01-10,,,825
0.023088910690993284,-0.08,2.0,0.8636319387608327,-0.23129527209416634,2023-01-11,,,826
0.002471128552794629,-0.10500000000000001,2.0,0.8636319387608327,-0.23129527209416634,2023-01-12,,,827
-0.0190230971577643,-0.18,2.0,0.8636319387608327,-0.23129527209416634,2023-01-13,,,828
-0.05121847772621144,0.06,2.0,0.8636319387608327,-0.23129527209416634,2023-01-14,,,829
-0.02897478218096915,-0.76,2.0,0.8636319387608327,-0.23129527209416634,2023-01-16,,,830
-0.17517982574477534,-0.5,2.0,0.8636319387608327,-0.23129527209416634,2023-01-17,,,831
-0.24014386059582027,-0.49,2.0,0.8636319387608327,-0.23129527209416634,2023-01-18,,,832
-0.29011508847665624,-0.23,2.0,0.8636319387608327,-0.23129527209416634,2023-01-19,,,833
-0.278092070781325,-0.05,2.0,0.8636319387608327,-0.23129527209416634,2023-01-20,,,834
-0.23247365662506,0.26,2.0,0.8636319387608327,-0.23129527209416634,2023-01-23,,,835
-0.133978925300048,0.18,2.0,0.8636319387608327,-0.23129527209416634,2023-01-24,,,836
-0.07118314024003841,0.245,2.0,0.8636319387608327,-0.23129527209416634,2023-01-25,,,837
-0.007946512192030727,0.11,2.0,0.8636319387608327,-0.23129527209416634,2023-01-26,,,838
0.01564279024637542,0.09,2.0,0.8636319387608327,-0.23129527209416634,2023-01-27,,,839
0.030514232197100335,0.03,2.0,0.8636319387608327,-0.23129527209416634,2023-01-30,,,840
0.030411385757680272,-0.29,2.0,0.8636319387608327,-0.23129527209416634,2023-01-31,,,841
-0.033670891393855776,-0.1,2.0,0.8636319387608327,-0.23129527209416634,2023-02-01,,,842
-0.04693671311508463,0.055,2.0,0.8636319387608327,-0.23129527209416634,2023-02-02,,,843
-0.026549370492067702,0.16,2.0,0.8636319387608327,-0.23129527209416634,2023-02-03,,,844
0.01076050360634584,0.0,2.0,0.8636319387608327,-0.23129527209416634,2023-02-06,,,845
0.008608402885076671,0.19,2.0,0.8636319387608327,-0.23129527209416634,2023-02-07,,,846
0.044886722308061344,0.2,2.0,0.8636319387608327,-0.23129527209416634,2023-02-08,,,847
0.07590937784644908,0.16,2.0,0.8636319387608327,-0.23129527209416634,2023-02-09,,,848
0.09272750227715926,0.36,2.0,0.8636319387608327,-0.23129527209416634,2023-02-10,,,849
0.14618200182172741,0.23,2.0,0.8636319387608327,-0.23129527209416634,2023-02-13,,,850
0.16294560145738193,0.0,2.0,0.8636319387608327,-0.23129527209416634,2023-02-14,,,851
0.13035648116590556,-0.06,2.0,0.8636319387608327,-0.23129527209416634,2023-02-15,,,852
0.09228518493272446,0.02,2.0,0.8636319387608327,-0.23129527209416634,2023-02-16,,,853
0.07782814794617958,0.2,2.0,0.8636319387608327,-0.23129527209416634,2023-02-17,,,854
0.10226251835694367,0.18,2.0,0.8636319387608327,-0.23129527209416634,2023-02-20,,,855
0.11781001468555494,-0.01,2.0,0.8636319387608327,-0.23129527209416634,2023-02-21,,,856
0.09224801174844395,-0.53,2.0,0.8636319387608327,-0.23129527209416634,2023-02-22,,,857
-0.03220159060124485,-0.38,2.0,0.8636319387608327,-0.23129527209416634,2023-02-23,,,858
-0.1017612724809959,-0.24,2.0,0.8636319387608327,-0.23129527209416634,2023-02-24,,,859
-0.1294090179847967,-0.38,2.0,0.8636319387608327,-0.23129527209416634,2023-02-25,,,860
-0.17952721438783736,-0.17,2.0,0.8636319387608327,-0.23129527209416634,2023-02-27,,,861
-0.1776217715102699,-0.07,2.0,0.8636319387608327,-0.23129527209416634,2023-02-28,,,862
-0.15609741720821593,-0.15,2.0,0.8636319387608327,-0.23129527209416634,2023-03-01,,,863
-0.15487793376657275,-0.08,2.0,0.8636319387608327,-0.23129527209416634,2023-03-02,,,864
-0.1399023470132582,0.7000000000000001,2.0,0.8636319387608327,-0.23129527209416634,2023-03-03,,,865
0.028078122389393445,0.05,2.0,0.8636319387608327,-0.23129527209416634,2023-03-06,,,866
0.03246249791151476,-0.06,2.0,0.8636319387608327,-0.23129527209416634,2023-03-07,,,867
0.013969998329211808,-0.02,2.0,0.8636319387608327,-0.23129527209416634,2023-03-08,,,868
0.007175998663369447,-0.1,2.0,0.8636319387608327,-0.23129527209416634,2023-03-09,,,869
-0.014259201069304447,-0.27,2.0,0.8636319387608327,-0.23129527209416634,2023-03-10,,,870
-0.06540736085544356,0.1,2.0,0.8636319387608327,-0.23129527209416634,2023-03-11,,,871
-0.03232588868435485,-0.04,2.0,0.8636319387608327,-0.23129527209416634,2023-03-13,,,872
-0.03386071094748388,-0.42,2.0,0.8636319387608327,-0.23129527209416634,2023-03-14,,,873
-0.11108856875798712,0.16,2.0,0.8636319387608327,-0.23129527209416634,2023-03-15,,,874
-0.05687085500638969,0.25,2.0,0.8636319387608327,-0.23129527209416634,2023-03-16,,,875
0.004503315994888249,-0.3,2.0,0.8636319387608327,-0.23129527209416634,2023-03-17,,,876
-0.0563973472040894,-0.2,2.0,0.8636319387608327,-0.23129527209416634,2023-03-18,,,877
-0.08511787776327154,-0.05,2.0,0.8636319387608327,-0.23129527209416634,2023-03-20,,,878
-0.07809430221061722,-0.05,2.0,0.8636319387608327,-0.23129527209416634,2023-03-21,,,879
-0.07247544176849378,-0.24,2.0,0.8636319387608327,-0.23129527209416634,2023-03-22,,,880
-0.10598035341479503,-0.2,2.0,0.8636319387608327,-0.23129527209416634,2023-03-23,,,881
-0.12478428273183603,-0.59,2.0,0.8636319387608327,-0.23129527209416634,2023-03-24,,,882
-0.21782742618546883,-0.05,2.0,0.8636319387608327,-0.23129527209416634,2023-03-27,,,883
-0.18426194094837509,-0.23,2.0,0.8636319387608327,-0.23129527209416634,2023-03-28,,,884
-0.1934095527587001,-0.69,2.0,0.8636319387608327,-0.23129527209416634,2023-03-29,,,885
-0.29272764220696007,-0.57,2.0,0.8636319387608327,-0.23129527209416634,2023-03-30,,,886
-0.34818211376556807,-0.78,2.0,0.8636319387608327,-0.23129527209416634,2023-03-31,,,887
-0.4345456910124545,-0.5,2.0,0.8636319387608327,-0.23129527209416634,2023-04-03,,,888
-0.4476365528099636,-0.47,2.0,0.8636319387608327,-0.23129527209416634,2023-04-04,,,889
-0.4521092422479709,-0.54,2.0,0.8636319387608327,-0.23129527209416634,2023-04-05,,,890
-0.46968739379837676,-0.59,2.0,0.8636319387608327,-0.23129527209416634,2023-04-06,,,891
-0.4937499150387014,-0.605,2.0,0.8636319387608327,-0.23129527209416634,2023-04-07,,,892
-0.5159999320309612,-0.61,2.0,0.8636319387608327,-0.23129527209416634,2023-04-11,,,893
-0.534799945624769,-0.55,2.0,0.8636319387608327,-0.23129527209416634,2023-04-12,,,894
-0.5378399564998152,-0.6,2.0,0.8636319387608327,-0.23129527209416634,2023-04-13,,,895
-0.5502719651998522,-0.8,2.0,0.8636319387608327,-0.23129527209416634,2023-04-14,,,896
-0.6002175721598818,-0.33,2.0,0.8636319387608327,-0.23129527209416634,2023-04-15,,,897
-0.5461740577279055,-0.69,2.0,0.8636319387608327,-0.23129527209416634,2023-04-17,,,898
-0.5749392461823244,-0.47,2.0,0.8636319387608327,-0.23129527209416634,2023-04-18,,,899
-0.5539513969458595,-0.89,2.0,0.8636319387608327,-0.23129527209416634,2023-04-19,,,900
-0.6211611175566877,-0.78,2.0,0.8636319387608327,-0.23129527209416634,2023-04-20,,,901
-0.6529288940453501,-0.72,2.0,0.8636319387608327,-0.23129527209416634,2023-04-21,,,902
-0.6663431152362802,-0.8,2.0,0.8636319387608327,-0.23129527209416634,2023-04-24,,,903
-0.6930744921890242,-0.72,2.0,0.8636319387608327,-0.23129527209416634,2023-04-25,,,904
-0.6984595937512194,0.44,2.0,0.8636319387608327,-0.23129527209416634,2023-04-26,,,905
-0.47076767500097544,0.2,2.0,0.8636319387608327,-0.23129527209416634,2023-04-27,,,906
-0.3366141400007804,0.24,2.0,0.8636319387608327,-0.23129527209416634,2023-04-28,,,907
-0.22129131200062435,0.41,2.0,0.8636319387608327,-0.23129527209416634,2023-05-02,,,908
-0.09503304960049948,0.32,2.0,0.8636319387608327,-0.23129527209416634,2023-05-03,,,909
-0.012026439680399584,-0.26,2.0,0.8636319387608327,-0.23129527209416634,2023-05-04,,,910
-0.061621151744319674,0.21000000000000002,2.0,0.8636319387608327,-0.23129527209416634,2023-05-05,,,911
-0.0072969213954557355,0.29,2.0,0.8636319387608327,-0.23129527209416634,2023-05-06,,,912
0.05216246288363541,0.34,2.0,0.8636319387608327,-0.23129527209416634,2023-05-08,,,913
0.10972997030690834,0.11,2.0,0.8636319387608327,-0.23129527209416634,2023-05-09,,,914
0.10978397624552669,0.17,2.0,0.8636319387608327,-0.23129527209416634,2023-05-10,,,915
0.12182718099642136,0.38,2.0,0.8636319387608327,-0.23129527209416634,2023-05-11,,,916
0.1734617447971371,0.035,2.0,0.8636319387608327,-0.23129527209416634,2023-05-12,,,917
0.1457693958377097,0.035,2.0,0.8636319387608327,-0.23129527209416634,2023-05-15,,,918
0.12361551667016778,0.36,2.0,0.8636319387608327,-0.23129527209416634,2023-05-16,,,919
0.17089241333613422,0.43,2.0,0.8636319387608327,-0.23129527209416634,2023-05-17,,,920
0.22271393066890738,0.04,2.0,0.8636319387608327,-0.23129527209416634,2023-05-19,,,921
0.18617114453512593,0.09,2.0,0.8636319387608327,-0.23129527209416634,2023-05-22,,,922
0.16693691562810073,0.04,2.0,0.8636319387608327,-0.23129527209416634,2023-05-23,,,923
0.1415495325024806,0.21,2.0,0.8636319387608327,-0.23129527209416634,2023-05-24,,,924
0.1552396260019845,0.46,2.0,0.8636319387608327,-0.23129527209416634,2023-05-25,,,925
0.21619170080158762,0.31,2.0,0.8636319387608327,-0.23129527209416634,2023-05-26,,,926
0.2349533606412701,0.2,2.0,0.8636319387608327,-0.23129527209416634,2023-05-27,,,927
0.2279626885130161,0.08,2.0,0.8636319387608327,-0.23129527209416634,2023-05-30,,,928
0.19837015081041287,0.13,2.0,0.8636319387608327,-0.23129527209416634,2023-05-31,,,929
0.1846961206483303,0.11,2.0,0.8636319387608327,-0.23129527209416634,2023-06-01,,,930
0.16975689651866424,-0.22,2.0,0.8636319387608327,-0.23129527209416634,2023-06-02,,,931
0.09180551721493138,-0.25,2.0,0.8636319387608327,-0.23129527209416634,2023-06-05,,,932
0.023444413771945102,-0.15,2.0,0.8636319387608327,-0.23129527209416634,2023-06-06,,,933
-0.011244468982443915,-0.315,2.0,0.8636319387608327,-0.23129527209416634,2023-06-07,,,934
-0.07199557518595513,-0.28,2.0,0.8636319387608327,-0.23129527209416634,2023-06-08,,,935
-0.11359646014876412,-0.44,2.0,0.8636319387608327,-0.23129527209416634,2023-06-09,,,936
-0.17887716811901133,-0.36,2.0,0.8636319387608327,-0.23129527209416634,2023-06-12,,,937
-0.21510173449520908,-0.39,2.0,0.8636319387608327,-0.23129527209416634,2023-06-13,,,938
-0.25008138759616727,-0.55,2.0,0.8636319387608327,-0.23129527209416634,2023-06-14,,,939
-0.3100651100769338,-0.63,2.0,0.8636319387608327,-0.23129527209416634,2023-06-15,,,940
-0.3740520880615471,-0.22,2.0,0.8636319387608327,-0.23129527209416634,2023-06-16,,,941
-0.3432416704492377,-0.44,2.0,0.8636319387608327,-0.23129527209416634,2023-06-19,,,942
-0.3625933363593902,-0.53,2.0,0.8636319387608327,-0.23129527209416634,2023-06-20,,,943
-0.3960746690875122,-0.295,2.0,0.8636319387608327,-0.23129527209416634,2023-06-21,,,944
-0.37585973527000976,-0.41,2.0,0.8636319387608327,-0.23129527209416634,2023-06-22,,,945
-0.38268778821600785,-0.25,2.0,0.8636319387608327,-0.23129527209416634,2023-06-23,,,946
-0.3561502305728063,-0.44,2.0,0.8636319387608327,-0.23129527209416634,2023-06-26,,,947
-0.3729201844582451,-0.41,2.0,0.8636319387608327,-0.23129527209416634,2023-06-27,,,948
-0.3803361475665961,-0.25,2.0,0.8636319387608327,-0.23129527209416634,2023-06-28,,,949
-0.3542689180532769,-0.36,2.0,0.8636319387608327,-0.23129527209416634,2023-06-29,,,950
-0.35541513444262157,-0.15500000000000003,2.0,0.8636319387608327,-0.23129527209416634,2023-06-30,,,951
-0.3153321075540973,-0.78,2.0,0.8636319387608327,-0.23129527209416634,2023-07-01,,,952
-0.4082656860432779,-0.29,2.0,0.8636319387608327,-0.23129527209416634,2023-07-03,,,953
-0.3846125488346223,-0.24,2.0,0.8636319387608327,-0.23129527209416634,2023-07-04,,,954
-0.35569003906769786,-0.23,2.0,0.8636319387608327,-0.23129527209416634,2023-07-05,,,955
-0.3305520312541583,0.010000000000000009,2.0,0.8636319387608327,-0.23129527209416634,2023-07-06,,,956
-0.26244162500332663,0.7,2.0,0.8636319387608327,-0.23129527209416634,2023-07-07,,,957
-0.06995330000266134,0.73,2.0,0.8636319387608327,-0.23129527209416634,2023-07-08,,,958
0.09003735999787091,0.89,2.0,0.8636319387608327,-0.23129527209416634,2023-07-10,,,959
0.25002988799829673,0.37,2.0,0.8636319387608327,-0.23129527209416634,2023-07-11,,,960
0.2740239103986374,0.47,2.0,0.8636319387608327,-0.23129527209416634,2023-07-12,,,961
0.3132191283189099,0.79,2.0,0.8636319387608327,-0.23129527209416634,2023-07-13,,,962
0.408575302655128,0.4,2.0,0.8636319387608327,-0.23129527209416634,2023-07-17,,,963
0.40686024212410243,0.37,2.0,0.8636319387608327,-0.23129527209416634,2023-07-18,,,964
0.39948819369928196,0.58,2.0,0.8636319387608327,-0.23129527209416634,2023-07-19,,,965
0.43559055495942556,0.48,2.0,0.8636319387608327,-0.23129527209416634,2023-07-20,,,966
0.4444724439675405,0.275,2.0,0.8636319387608327,-0.23129527209416634,2023-07-21,,,967
0.4105779551740324,-0.21,2.0,0.8636319387608327,-0.23129527209416634,2023-07-24,,,968
0.28646236413922593,0.01,2.0,0.8636319387608327,-0.23129527209416634,2023-07-25,,,969
0.23116989131138077,0.53,2.0,0.8636319387608327,-0.23129527209416634,2023-07-26,,,970
0.2909359130491046,0.08,2.0,0.8636319387608327,-0.23129527209416634,2023-07-27,,,971
0.2487487304392837,0.35,2.0,0.8636319387608327,-0.23129527209416634,2023-07-28,,,972
0.26899898435142694,0.33,2.0,0.8636319387608327,-0.23129527209416634,2023-07-31,,,973
0.2811991874811416,-0.015,2.0,0.8636319387608327,-0.23129527209416634,2023-08-01,,,974
0.2219593499849133,0.01,2.0,0.8636319387608327,-0.23129527209416634,2023-08-02,,,975
0.17956747998793066,0.19,2.0,0.8636319387608327,-0.23129527209416634,2023-08-03,,,976
0.18165398399034455,0.42,2.0,0.8636319387608327,-0.23129527209416634,2023-08-04,,,977
0.22932318719227562,0.38,2.0,0.8636319387608327,-0.23129527209416634,2023-08-07,,,978
0.25945854975382054,0.03,2.0,0.8636319387608327,-0.23129527209416634,2023-08-08,,,979
0.21356683980305646,0.22,2.0,0.8636319387608327,-0.23129527209416634,2023-08-09,,,980
0.2148534718424452,0.5,2.0,0.8636319387608327,-0.23129527209416634,2023-08-10,,,981
0.27188277747395617,0.43,2.0,0.8636319387608327,-0.23129527209416634,2023-08-11,,,982
0.30350622197916494,0.32,2.0,0.8636319387608327,-0.23129527209416634,2023-08-14,,,983
0.306804977583332,-0.06,2.0,0.8636319387608327,-0.23129527209416634,2023-08-16,,,984
0.23344398206666558,0.48,2.0,0.8636319387608327,-0.23129527209416634,2023-08-17,,,985
0.28275518565333246,0.31,2.0,0.8636319387608327,-0.23129527209416634,2023-08-18,,,986
0.28820414852266596,0.25,2.0,0.8636319387608327,-0.23129527209416634,2023-08-19,,,987
0.2805633188181328,0.46,2.0,0.8636319387608327,-0.23129527209416634,2023-08-21,,,988
0.31645065505450626,0.38,2.0,0.8636319387608327,-0.23129527209416634,2023-08-22,,,989
0.329160524043605,0.42,2.0,0.8636319387608327,-0.23129527209416634,2023-08-23,,,990
0.34732841923488406,0.36,2.0,0.8636319387608327,-0.23129527209416634,2023-08-24,,,991
0.34986273538790724,0.07,2.0,0.8636319387608327,-0.23129527209416634,2023-08-25,,,992
0.2938901883103258,0.23,2.0,0.8636319387608327,-0.23129527209416634,2023-08-28,,,993
0.2811121506482607,0.12,2.0,0.8636319387608327,-0.23129527209416634,2023-08-29,,,994
0.24888972051860855,0.02,2.0,0.8636319387608327,-0.23129527209416634,2023-08-30,,,995
0.20311177641488687,0.03,2.0,0.8636319387608327,-0.23129527209416634,2023-08-31,,,996
0.1684894211319095,-0.13,2.0,0.8636319387608327,-0.23129527209416634,2023-09-01,,,997
0.10879153690552762,0.12,2.0,0.8636319387608327,-0.23129527209416634,2023-09-04,,,998
0.1110332295244221,-0.12,2.0,0.8636319387608327,-0.23129527209416634,2023-09-05,,,999
0.06482658361953769,0.09,2.0,0.8636319387608327,-0.23129527209416634,2023-09-06,,,1000
0.06986126689563016,0.07,2.0,0.8636319387608327,-0.23129527209416634,2023-09-07,,,1001
0.06988901351650413,-0.11,2.0,0.8636319387608327,-0.23129527209416634,2023-09-08,,,1002
0.03391121081320331,-0.15,2.0,0.8636319387608327,-0.23129527209416634,2023-09-09,,,1003
-0.00287103134943735,-0.07,2.0,0.8636319387608327,-0.23129527209416634,2023-09-11,,,1004
-0.01629682507954988,-0.25,2.0,0.8636319387608327,-0.23129527209416634,2023-09-12,,,1005
-0.06303746006363992,-0.17,2.0,0.8636319387608327,-0.23129527209416634,2023-09-13,,,1006
-0.08442996805091194,0.21,2.0,0.8636319387608327,-0.23129527209416634,2023-09-14,,,1007
-0.025543974440729554,-0.02,2.0,0.8636319387608327,-0.23129527209416634,2023-09-15,,,1008
-0.024435179552583643,-0.125,2.0,0.8636319387608327,-0.23129527209416634,2023-09-16,,,1009
-0.04454814364206692,-0.11,2.0,0.8636319387608327,-0.23129527209416634,2023-09-18,,,1010
-0.057638514913653544,-0.15,2.0,0.8636319387608327,-0.23129527209416634,2023-09-19,,,1011
-0.07611081193092284,-0.09,2.0,0.8636319387608327,-0.23129527209416634,2023-09-20,,,1012
-0.07888864954473827,-0.4,2.0,0.8636319387608327,-0.23129527209416634,2023-09-21,,,1013
-0.14311091963579065,-0.33,2.0,0.8636319387608327,-0.23129527209416634,2023-09-22,,,1014
-0.18048873570863253,0.02,2.0,0.8636319387608327,-0.23129527209416634,2023-09-25,,,1015
-0.14039098856690602,-0.16,2.0,0.8636319387608327,-0.23129527209416634,2023-09-26,,,1016
-0.14431279085352483,-0.11,2.0,0.8636319387608327,-0.23129527209416634,2023-09-27,,,1017
-0.13745023268281986,-0.31,2.0,0.8636319387608327,-0.23129527209416634,2023-09-28,,,1018
-0.1719601861462559,-0.17,2.0,0.8636319387608327,-0.23129527209416634,2023-09-29,,,1019
-0.17156814891700473,-0.255,2.0,0.8636319387608327,-0.23129527209416634,2023-10-02,,,1020
-0.1882545191336038,-0.01,2.0,0.8636319387608327,-0.23129527209416634,2023-10-03,,,1021
-0.15260361530688304,-0.035,2.0,0.8636319387608327,-0.23129527209416634,2023-10-04,,,1022
-0.12908289224550645,0.03,2.0,0.8636319387608327,-0.23129527209416634,2023-10-05,,,1023
-0.09726631379640516,-0.09000000000000001,2.0,0.8636319387608327,-0.23129527209416634,2023-10-06,,,1024
-0.09581305103712413,0.14,2.0,0.8636319387608327,-0.23129527209416634,2023-10-07,,,1025
-0.048650440829699305,-0.13,2.0,0.8636319387608327,-0.23129527209416634,2023-10-09,,,1026
-0.06492035266375945,-0.12,2.0,0.8636319387608327,-0.23129527209416634,2023-10-10,,,1027
-0.07593628213100756,-0.22,2.0,0.8636319387608327,-0.23129527209416634,2023-10-11,,,1028
-0.10474902570480606,-0.22,2.0,0.8636319387608327,-0.23129527209416634,2023-10-12,,,1029
-0.12779922056384485,-0.33,2.0,0.8636319387608327,-0.23129527209416634,2023-10-13,,,1030
-0.1682393764510759,-0.32,2.0,0.8636319387608327,-0.23129527209416634,2023-10-16,,,1031
-0.19859150116086072,-0.33,2.0,0.8636319387608327,-0.23129527209416634,2023-10-17,,,1032
-0.2248732009286886,-0.61,2.0,0.8636319387608327,-0.23129527209416634,2023-10-18,,,1033
-0.30189856074295085,-0.77,2.0,0.8636319387608327,-0.23129527209416634,2023-10-19,,,1034
-0.3955188485943607,-0.81,2.0,0.8636319387608327,-0.23129527209416634,2023-10-20,,,1035
-0.4784150788754886,-0.36,2.0,0.8636319387608327,-0.23129527209416634,2023-10-23,,,1036
-0.45473206310039094,,,,,,,,1037
,,,,,,2022-05-27 00:00:00,DF - FF,339326
,,,,,,2022-10-20 00:00:00,DF-FF,339327
,,,,,,2023-04-24 00:00:00,DF - FF (SANS CALIB),339338
